3.1,3.4,1.4,1.3,2.5,2.4,1.4,1.2,2.7,3.4,3.6,3.8,4.6,5.3,6.3,5.8,4.1,2.1,0.4,0.4,0.2,0.2,0.4,0.3,6.3,2.5,8.8,8.8,8.9,8.9,8.7,8.7,8.8,8.7,9,9.3,10.5,11.8,12.6,12.7,13,13.3,13.3,12.6,10.2,7.9,6.2,5.3,4.6,3.9,13.3,9.4,10.6,0.88,5.09,6.42,1501,2.6,0.61,7.49,17.77,3095.5,-12.5,0.76,14.76,15.86,5750,23.5,44.35,10150,-30,0.05
0.6,0.6,0.8,0.7,0.3,1.8,2.3,0.4,1.4,1.8,2,1.6,1.2,1.2,0.9,0.5,0.9,1.3,1.5,1.3,1,0.9,0.5,0.8,2.3,1.1,22.7,22.4,22.3,22.4,22.8,23.6,23.1,23.1,23.1,23.1,23.4,23.4,23.6,24.3,24.8,25.3,25.6,25.6,25.3,24.7,24.7,24.5,24.3,24.4,25.6,23.8,17.3,0.71,0.47,9.99,1527.5,6.7,0.69,5.08,11.48,3156.5,-6.6,0.5,5.76,10.71,5850,30.5,42.45,10125,25,1.02
2.1,2.7,2.4,1.3,2.2,2.6,2.1,2.1,2.3,2,2.4,2.4,2.5,2.4,2.4,2.6,2.4,2.9,2.3,1.8,1.5,1.4,1,0.5,2.9,2.1,15.3,14.8,14.4,14.2,14,13.8,13.7,13.6,13.7,13.8,14.3,14.8,15.4,15.6,16.4,17.1,17.2,16.6,15.9,14.6,13.8,13.1,12.4,11.5,17.2,14.6,10,0.88,5.88,1.17,1532.5,2.5,0.66,12.75,-3.9,3129.5,-16.2,0.49,11.2,2.98,5760,28.65,50.3,10190,5,0.03
3.7,2.9,3.2,2.9,3.4,3.3,2.8,2.8,3.8,4.1,4.6,5,5.1,5.7,5.6,5.4,4.5,4.3,4.5,3.7,2.8,3,3.5,3.1,5.7,3.9,20.4,20.3,20,19.8,19.2,19.1,19.2,19.3,20,20.9,22,23.1,23.9,24.2,24.2,23.3,22.7,22.1,21.3,21.1,21,21,21.2,21.1,24.2,21.3,10.8,0.75,-3.78,4.26,1540,2,0.4,1.03,1.72,3134.5,-14,0.17,4.4,1.46,5770,20.25,45.25,10180,-25,0
3,3.2,3.9,3,2.8,3.2,3.8,3.6,4.3,4,3.8,3.7,3.4,3.2,2.7,2.5,2.6,1.8,1.3,1.3,1,0.9,0.6,0.8,4.3,2.7,22,22.2,22.2,22.7,22.4,22.3,22.3,22.2,22.2,22.4,22.5,23,23.4,24,23.4,23.6,24.1,23.6,23.3,23.3,23.1,23.2,23,22.9,24.1,22.9,15.4,0.88,3.13,11.69,1499,7.3,0.31,10.4,9.08,3119.5,-11.7,0.08,20.01,4.48,5790,22.05,52.25,10110,-5,0.08
0.3,0.3,0.4,0.7,0.8,1.3,1.5,2,2.1,2.6,3.2,2,0.9,1.4,2.7,2.8,3.2,2.4,2.4,1.6,1.3,0.8,1.1,0.5,3.2,1.6,14.2,13.8,13.9,13.7,13.8,14.2,14.4,15.9,18.9,21.9,23.6,24.4,24.6,25.2,25.6,25.4,24.9,23.3,21.3,20.1,19,18.3,18.2,17.9,25.6,19.4,13.8,0.17,-0.38,2.13,1526.5,8.9,0.05,4.12,-1.28,3147,-8.4,0.09,5.63,-0.7,5840,-24,20.4,10175,-55,0
0.5,0.7,0.8,0.8,0.7,1,1.3,1.7,1.7,1.7,2.2,2.5,1.8,1.9,1.2,0.7,1.2,2.1,1.3,0.1,0.1,0.2,0,0,2.5,1.1,14.9,14.5,14.2,14.1,13.6,13.1,13.1,14.6,16.3,18.2,20.6,22.1,22.6,23.7,24.5,25.3,25.4,24.3,22.2,18.9,17.2,16.3,15.2,14.6,25.4,18.3,13.8,0.46,1.26,-3.84,1553.5,9.1,0.3,4.38,-4.23,3182,-8.4,0.01,0.91,-3.14,5890,-2.8,29.6,10205,30,0
3.3,3.2,2.8,3.4,4.2,4.9,4.3,5,4.7,4.3,4,4.6,4.2,4.5,4.8,4.8,3.6,2.5,1.4,1.7,2.7,2.4,0.4,0.4,5,3.4,14.4,14.3,14.3,14.3,14.3,14,13.3,12.8,12.6,12.9,13.4,13.6,14.1,15.4,16.2,15.9,15.2,14.3,13.3,12.7,12.2,11.6,10.3,9.5,16.2,13.5,15.6,0.59,7.22,8.5,1498.5,7.6,0.84,10.67,17.77,3125.5,-7.2,0.18,12.88,17.11,5820,26.25,36.1,10130,45,0
3.5,4.3,4.6,4.1,5.1,4.9,4.9,5.1,5.6,5.8,4.8,3.3,3.8,4.6,2.1,6.5,7.3,4.7,4,4,4,3.6,3.5,3.8,7.3,4.5,7.3,7.3,7.1,7,6.7,6.6,6.6,6.6,6.9,7.6,8.5,8.9,8.7,10.5,11.8,6.5,3.2,2.9,3.3,2.7,2.6,2.4,2.4,2.6,11.8,6.1,5.7,0.66,3.73,4.55,1505.5,2.7,0.37,14.61,-5.79,3080,-14,0.44,22.11,-2.65,5715,6.4,32.4,10230,5,2.18
0.5,0.6,0.3,0.1,0.3,1,0.9,1.7,0.3,0.6,1.3,1.8,3.4,3.7,4.6,3.8,3.4,3,2.5,2,2,1.6,1.8,1.6,4.6,1.8,26.3,25.5,25.2,24.8,24.4,24.6,24.7,26.1,27.7,29.2,30.4,31.4,31.8,31.8,31.2,31.1,30.7,30.1,29.1,28,27.3,26.8,26.7,26.4,31.8,28,18.1,0.8,-1.53,1.14,1532,8.9,0.36,4.46,3.45,3170,-4.7,0.11,6.26,1.29,5885,23.35,42.05,10125,-5,0
0.6,0.5,0.8,1.3,0.7,1.9,1.6,2.2,3.6,1.6,3.5,3.7,4.3,5.6,6.5,4.3,5,4.4,3.9,2.4,1.5,0.7,0.9,1.3,6.5,2.6,17.9,17.4,16.7,16.7,16.3,16.3,16.4,16.2,16.6,17.3,17.4,16.9,15.8,15.2,17,13.8,12.3,12.7,13.3,13.2,12.8,11.9,11.4,11.4,17.9,15.1,11.1,0.25,1.14,-2.41,1504,2.6,0.55,9.52,-0.6,3099.5,-11.6,0.89,33.62,10.47,5740,4.3,26.9,10140,35,4.62
0.5,0.6,1,1,0.6,0.4,0.2,0.7,2.5,2,2.7,4,4.4,4.1,3.6,3.2,2.7,2,0.7,0,0.3,0.2,0.3,0.4,4.4,1.6,9.7,9.6,9.1,8.4,8.3,8.7,9.2,9.3,10.9,13.2,15.3,16.9,18.3,19.7,20.5,20.8,20.3,18.7,16.2,13.4,12.1,11.6,10.9,10.4,20.8,13.4,13.1,0.22,10.68,0.35,1515,5.6,0.28,16.21,9.84,3122,-8.9,0.05,22.46,17.18,5805,-4.4,21.5,10180,50,0
4.1,4.4,4,4.2,4.4,3.8,3.6,4.2,4.6,4.1,4.3,4.2,3.9,4.2,4.2,3.8,3.4,3.4,2.8,1.4,1.2,1.7,1.3,1.7,4.6,3.5,8.7,8.8,8.7,8.6,8.2,7.7,7.3,7.1,7.7,9.3,11.4,13.3,15.2,16.9,17.9,18.8,19.1,18.6,17.2,15.5,14.2,13.3,12.1,11.2,19.1,12.4,13,0.95,9.1,2.71,1509.5,3.1,0.86,11.66,6.36,3117.5,-13.3,0.3,15.91,2.2,5775,36.3,51.75,10145,30,0.03
1.5,1,1,1.3,1.2,1.1,1.9,3,3,3.5,3.9,4,3.2,3.1,4.6,4.6,4.4,4.6,4.4,4,3.7,3.8,2.8,2.8,4.6,3,25.5,25.1,24.8,24.7,24.6,24.9,25.7,27,27.9,29.1,30.6,31.3,29.9,30.2,32.4,32.3,31.6,30.6,29.4,28.1,27.2,26.7,26.2,26.1,32.4,28,18.1,0.69,2.56,4.62,1499.5,9.1,0.35,-1.05,2.73,3138,-9.1,0.07,0.2,-1.54,5830,24.4,48.5,10090,-5,0
2,2.2,2.3,2.2,3.3,3.9,3.3,4.1,1.8,0.3,0.5,0.4,0.8,1.4,1,1.9,2.2,1.1,0.9,0.5,0.4,0.6,0.6,0.4,4.1,1.6,23.7,24.6,24.8,24.9,25.1,25.2,25.2,21.9,20.6,20.9,21.4,20.8,20.5,21.2,21.3,20.6,20.4,20.2,20.2,20.7,20.7,21.2,21.9,22.3,25.2,22.1,16.2,0.75,2.46,13.94,1502,7,0.85,2.21,12.21,3126,-5.4,0.11,10.66,15.34,5835,30.9,38.7,10100,-40,4.5
2.5,2.5,1.8,1,1,1.3,1.8,2.3,3.7,3.3,3.7,3,3.8,3.4,3,4.4,3.1,3,2.8,2.7,2.4,2.5,2.7,2.2,4.4,2.7,26.6,26.6,26.6,26.3,26,26,27,28.2,28.8,29.7,30.5,31.1,31.2,30.4,30.7,30.3,30.7,30.7,30.2,28.8,27.8,27.2,27,26.8,31.2,28.6,19.6,0.44,1.02,5.81,1541.5,9.6,0.37,2.54,1.05,3188,-7.6,0.04,5.09,-0.58,5885,20.8,41.9,10135,10,0
0.9,0.8,0.8,0.9,0.8,0.8,0.4,1.1,2.2,1.4,0.9,1.8,2.3,2.2,2.8,3.3,2.9,2.7,2.9,2.5,2.5,2.3,1.7,2,3.3,1.8,13.5,12.9,12.4,12.1,11.6,11.3,11.3,12.3,14.5,17.8,20.9,23.5,24.7,24.5,25,24.6,24.1,23.4,23.1,22.9,22.7,22.6,22.5,22.6,25,19,14,0.7,-1.86,1.2,1597,5.6,0.79,4.22,0.5,3215.5,-8.2,0.04,8.45,-4.31,5895,27.4,38.95,10245,-5,0
1.6,1.5,1.6,1.5,1.4,1.9,2.1,2.1,2.3,1.9,3,1.4,1.5,0.8,1.6,2.1,2.2,2.2,2.1,1,0.2,1.3,1.7,1.7,3,1.7,24.1,24.1,24,24.1,24.2,24.4,24.4,24.9,25.2,25.4,24.5,24.1,24.7,23.3,23.4,23.3,23.4,23.4,23.6,23.8,23.9,24,23.3,22.7,25.4,24,15.5,0.81,-0.27,4.45,1528.5,6.8,0.65,2.77,2.1,3152,-7.2,0.78,12.27,0.69,5850,28.75,42.1,10135,-10,9.14
2.4,2.1,2.1,1.9,1.7,1.4,1.7,2.8,4.6,3.9,3.8,3.8,4,3.5,4.2,4.2,3.6,3.7,3.3,4.1,3.3,3.3,2.6,2.4,4.6,3.1,23.3,22.9,22.7,22.4,22,21.7,22.7,24.7,25.6,26.6,27.8,28.7,28.8,29.1,28.6,28.4,28.1,27.6,26.9,25.6,24.7,24.3,23.9,23.6,29.1,25.4,15.9,0.51,4.33,3.09,1496,8.1,0.29,1.34,-3.63,3128,-10.8,0.15,4.24,-2.49,5800,14.7,41.5,10105,-35,0
1.2,0.3,0.8,0.4,0.2,0.3,0.3,1,1.2,2.1,3.8,3.4,3.7,3.6,3.3,2.8,2,0.3,0.2,0.1,0.4,0.4,0.5,0.2,3.8,1.4,18.7,18.6,18.4,18.2,17.7,18.2,18.4,18.8,20.1,22.7,24.8,25.5,26.3,26.1,26.8,26.8,26.4,24.6,22.1,21,20.1,19.8,19.8,19.6,26.8,21.6,10.5,0.9,6.86,-3.63,1546,8.7,0.04,3.8,0.13,3169.5,-10.6,0.02,4.21,4.11,5855,-7.5,40.6,10185,-30,0
2.4,3,3,2.9,2.7,2.5,1.8,1.4,3.1,3.8,3.9,3.6,5.5,5,6.4,4.7,2.3,1.5,1.4,3.5,2.7,2.3,2.6,0.9,6.4,3.1,22.3,22.6,22.6,22.7,22.4,22.4,22.1,22.4,24.5,25.9,26.1,25.5,27.7,28.6,20.6,18.6,17.1,16.4,16.2,15.8,15.4,15.2,14.5,13.4,28.6,20.9,12.3,0.35,-0.78,10.36,1548.5,4.9,0.47,2.69,7.2,3153.5,-10.6,0.15,5.94,4.31,5830,-3.9,30.3,10180,-30,0.51
0.1,0.3,0.2,0.1,0.3,0.4,0.5,0.9,1.6,3.3,3.6,3.8,4.4,4,4.4,4.4,4.6,4.1,3.7,2.2,2,1.3,1,0.4,4.6,2.1,11.4,10.6,9.8,9.2,8.7,8.2,8.4,11.7,15.6,19.2,20.9,21.9,22.8,23.2,23.3,23.2,22.7,21.7,19.9,18.3,17.2,16.4,15.4,14.1,23.3,16.4,8.9,0.36,0.8,-3.07,1519,4.1,0.28,3.07,-8.18,3114,-15.6,0.19,13.08,-7.53,5750,2.4,34.5,10180,-5,0
0.1,0.3,0.2,0.3,0,0.3,0.4,0.3,0.3,1.6,2.1,2.6,3.4,3.3,3.4,2.8,1.9,1.5,2.1,1.5,1,0.6,0.3,0.7,3.4,1.3,6.9,6.8,6.6,6.3,6.1,5.9,6.1,7.1,11.6,16.5,19,20.4,21.2,21.4,21.8,21.7,21.4,19.5,18.4,17.1,15.9,15.1,14.1,13.9,21.8,14.2,6.2,0.33,7.08,-4.47,1513.5,1,0.03,15.15,-4.78,3089.5,-12.3,0.05,29.56,-7.92,5730,-28.3,21,10190,25,0
2.6,2.5,2.5,1.3,0.9,1.8,1.8,3,4.2,4.2,3.1,1.4,0.2,1.1,2.6,2.7,2.5,3.8,3,1.5,0.2,0.1,0.5,1.7,4.2,2.1,20.5,20.2,20.4,21.5,21.8,21,21.1,22.4,25.2,27.4,28.2,29.3,30.2,31.1,31.9,32.3,32.7,32.2,30.2,28.1,24.1,22.1,20.8,22.1,32.7,25.7,19.3,0.59,7.38,10.75,1433,10.8,0.09,13.77,10.09,3083,-11.2,0.32,22.35,9.63,5770,7,51.2,10015,-70,0
1.4,1.3,0.8,0.5,1.2,1.3,1.4,2.3,3.1,3.4,3.5,3.2,4.2,4.2,4.9,4.8,4.8,4.7,4.2,3.5,3.2,3.5,3.5,2.5,4.9,3,24.5,24.2,23.7,23.5,23.8,24.2,24.7,25.8,27.2,28.4,29.4,30.1,30.2,30.3,30.3,30.2,29.9,29.1,27.9,26.7,26.1,25.7,25.5,25.3,30.3,26.9,18.1,0.49,-0.1,0.53,1524,9.8,0.46,4.45,-5.2,3159.5,-7.6,0.15,1.12,-13.3,5865,21.8,40.4,10120,15,0
1.1,1.1,1.3,0.9,1.1,0.5,0.8,0.6,0.8,1.3,2.2,3.2,3.2,2.2,1.5,0,2.4,1.7,1.5,1,0.2,1,0.6,0.7,3.2,1.3,15.6,15.4,15.5,15.6,15.9,15.7,15.1,15.7,16.7,19.3,22.1,22.3,22.9,23.2,22.4,22.9,22.2,21.1,20.4,19.6,18.7,18.4,18.3,18.1,23.2,18.9,6.8,0.6,6.02,9.15,1519,4.8,0.19,7.53,-1.52,3114,-14.8,0.13,13.68,2.18,5755,-8.7,35.1,10185,-75,0
3.3,2.2,2.4,2.6,2.5,1.8,1.3,1.1,2.6,6.5,6.1,6.7,7.6,6.8,6.7,6.8,5.8,6,4.9,4.3,4.5,3.9,3.4,3.4,7.6,4.3,21.5,21.5,21.4,21,20.8,20.7,20.4,20.3,20.4,12.7,14.8,16.3,16.9,17.7,18.1,18,17.8,16.8,15.6,14.4,13.4,12.3,11.3,10.8,21.5,17.3,13.1,0.95,6.7,12.54,1538,4.1,0.73,11.66,12.92,3146.5,-10.6,0.19,19.21,13.21,5805,30.95,46.55,10170,0,0.41
1.7,2,1.8,1.7,1.6,1.2,1.3,1.6,2.5,3.1,3.4,3.1,2.9,2.8,3,3.4,3.1,2.3,2.5,1.5,0.6,0.4,0.4,0.5,3.4,2,20.8,21.6,21.3,20.7,20.3,20.4,20.3,21.1,22.1,23.6,25,25.6,26.2,27.2,27.6,27.2,25.9,24.3,22.7,21.2,20.7,20.4,19.7,19.2,27.6,22.7,12.2,0.85,-1.06,5.21,1550.5,8.1,0.04,0.18,6.94,3161.5,-8.8,0.24,4.18,5.86,5850,-6.75,39.55,10180,-15,0
1.4,1.1,1.4,0.8,1.7,2.3,2.4,2.7,2.9,3.4,4.2,4.1,4.2,4.2,4.4,4.6,4.8,4.6,4,3,2.3,1.7,1.7,0.9,4.8,2.9,20.7,19.8,19.4,18.6,17.7,18.2,18.3,20,21.8,24.8,26.7,27.8,28.4,29.2,29.2,29.2,27.9,26.7,25.3,24.7,23.8,22.7,22.2,21.6,29.2,23.5,14.6,0.78,0.26,-0.77,1577.5,9.8,0.07,10.61,2.57,3205.5,-9.7,0.58,21.44,3.76,5905,2.05,44.75,10200,70,0
4,3.3,3.6,3.1,2.6,2.1,2.5,3.1,3.8,3.3,3.5,4.2,3.9,3.4,3.1,2.3,2.3,2,0.7,1.8,2.5,1.9,1.3,1.2,4.2,2.7,20.4,20.6,20.7,20.7,20.7,20.8,20.8,21.1,22.3,22.6,24.2,25.7,26.9,27.3,28.2,28.3,28.3,27.3,25.8,23.7,22.6,21.8,21.1,20.8,28.3,23.4,10.9,0.77,8.82,9.67,1476.5,1.7,0.38,10.57,7.55,3071,-15.5,0.08,20.88,-2.93,5695,20.35,48.85,10110,-40,0
0.9,1.1,1.4,1.2,1.2,1.4,1.3,2.2,2.9,3.5,3,2.6,1.5,1.7,1.8,1.6,1.7,1.1,0.3,0.4,0.4,0.5,0.4,0.9,3.5,1.5,10.4,10.2,10,9.9,9.9,9.8,9.9,10.4,11.6,12.8,13.9,14.9,15.4,16,16.4,16.9,16.9,16.7,15.9,15.3,15.2,14.9,14.5,14.6,16.9,13.4,6,0.02,-3.58,-2.04,1574.5,-0.05,0.53,-3.78,2.33,3147.5,-11.1,0.93,10.02,-1.23,5795,-28.4,-9.8,10285,-25,0
3.9,3.8,4,4.3,3.8,3.8,4.2,4,3.7,3.9,3.8,4.5,4.2,5.3,5.7,5.2,5.3,4.6,3.9,4.7,4.3,3.7,2.7,2.9,5.7,4.2,24.9,25.1,24.9,24.6,24.8,24.9,25.1,25.3,25.3,25.3,25.6,25.9,26.9,28.2,28,27.8,27.9,27.2,26.5,26.2,26.1,26.1,26.1,26,28.2,26,20.5,0.27,1.12,8.16,1519.5,9,0.25,5.59,3.22,3163.5,-8.7,0.21,15.62,-9.71,5860,11.2,37.9,10120,0,0
0.7,0.5,0.8,0.8,0.5,1,0.8,0.8,1.7,1.7,1.7,1.3,0.6,1,1.3,1.4,1.6,1.3,1.2,0.6,0.1,0.1,0,0.1,1.7,0.9,6.5,5.5,4.8,4.3,3.8,3.5,3.6,3.7,6,8.8,11.1,12.7,13.9,14.8,15.7,16.2,15.9,14.8,12.8,11,9.2,8.1,7.5,7,16.2,9.2,10,0.01,0.11,-9.46,1544.5,3.8,0.05,8.44,-9.46,3133.5,-15.3,0.04,17.57,-3.85,5775,-47.7,3.6,10240,85,0
1.4,1.2,1,0.8,0.6,0.6,1,1.7,2,1.7,1.8,2.1,1.7,1.4,1.8,1.2,1.7,1.5,0.8,0.6,0.6,0.3,0.1,0.4,2.1,1.2,21,20.8,21.2,21.2,21.1,20.9,20.7,20.4,20.2,20.6,21.9,22.7,23.7,24.3,25.4,26.5,26.7,26.1,25.3,24.6,23.8,23.3,22.8,22.6,26.7,22.8,16.5,0.63,0.36,-0.45,1572.5,4.8,0.82,5.06,-0.84,3193,-9.2,0.51,10.56,-5.69,5870,32.45,44.4,10195,10,0
0.8,1.3,1.3,1.4,2.9,2.8,2.2,1.9,3,3.4,3.7,3.6,3,3.7,4.3,3.8,3.9,2.5,3.2,2.7,2.6,2.5,2.3,3,4.3,2.8,20.4,20.4,20.7,21.2,22.2,22.3,22.1,22.5,23.7,25.1,25.7,26.1,25.3,25.9,24.9,25.4,25.6,24.3,23.8,24.1,23.9,23.6,23.3,23.8,26.1,23.6,14.3,0.62,-2.73,7.32,1554,6.3,0.54,0.05,9.21,3170,-10.8,0.77,5.6,9.99,5845,23.45,42.75,10175,-10,0.69
1.3,0.8,0.6,1.1,0.6,0.4,1.3,2.5,3.1,2.8,2.4,1.2,1.4,1.5,1,1.3,1.6,3.1,3.5,2.8,1.7,2.4,2.3,2,3.5,1.8,27,26.4,26,25.6,25.3,25.2,25.7,27.2,28.8,29.6,30.6,31.5,32.2,33.2,33.8,34.4,34.4,32.6,30.9,29.3,28.8,29,28.4,27.9,34.4,29.3,18.9,0.72,1.28,-0.04,1572,8.6,0.61,-0.5,-0.97,3211,-6.5,0.65,-4.28,-0.55,5910,32.15,45.65,10160,0,0
0.4,0.5,0.2,0.2,0.4,0.2,0,0.7,1.5,0.6,1.1,0.6,0.9,0.7,0.9,0.5,0.8,3.1,3.2,2.6,2,1.8,2.1,1.8,3.2,1.1,18.1,17.5,17,16.9,16.4,16.6,17.2,20.1,22.4,24.2,25.4,26.7,27.6,28,28.6,29.3,29.2,27.8,26,24.3,23.2,22.1,21.5,20.7,29.3,22.8,12.7,0.27,0.68,-8.67,1537,5.5,0.22,11.55,-11.27,3142.5,-16,0.45,19.54,-12.37,5785,0.9,36.4,10170,45,0
1.4,0.8,0.7,3.2,1.7,1.5,2.4,1.6,2.2,2.8,4.2,1.7,2.1,3.1,3.1,2.9,1.7,2.1,1.5,1,1.2,0.9,0.9,1.1,4.2,1.9,26.1,26.1,26.1,25.8,24.7,25,26.1,26.3,26.7,26.8,26.1,24.8,24.7,25.3,26.9,28.1,27.7,27.1,26.6,26.2,26.3,26.1,26.3,26.4,28.1,26.2,18,0.8,1.06,7.42,1530,9.2,0.71,1.06,8.06,3167,-6.1,0.71,5.49,2.28,5880,33.05,44.75,10120,-20,1.07
2.7,2.8,3.2,2.5,2.9,3,3,4.2,5,3.8,4.1,4.8,4.6,4.2,4.7,5.1,5.6,5.5,4.8,4,3.4,3,3.2,2.9,5.6,3.9,19.7,19.6,19.7,19.3,19.3,19.5,19.7,20.7,21.8,22.2,23.1,23.6,23.8,23.2,23.1,23.4,23.3,22.4,21.9,21.7,21.4,21.1,21.4,21.2,23.8,21.5,11.2,0.54,-3.75,7.8,1570,4.4,0.44,0.19,4.2,3178.5,-11.3,0.4,6.37,-3.81,5845,13.3,35.1,10220,-20,0.05
2.4,3.3,4,3.1,2.5,2.5,2.1,2.2,2,2.8,3,2.7,3.3,3.9,4.6,3.4,3.8,4.4,3.1,3,3.5,4.2,4.6,4.9,4.9,3.3,15.6,15.6,15.9,16.1,15.9,15.8,15.7,15.9,16.1,16.4,18.3,19.8,21.3,22.8,23,21.8,22.2,22.1,20.6,20.6,20.7,20.8,21,20.6,23,18.9,7.1,0.5,2.88,4.13,1552,3,0.45,12.06,2.6,3137,-12.1,0.42,16.8,2.12,5785,-6.1,26.4,10230,-85,1.3
3.1,3.8,3.6,3.5,3.7,4.2,3.7,2.5,3.8,3.7,4.3,5.2,6.5,5.8,3.9,3.4,3.6,4.2,4.3,4,4,3.7,3.3,3.7,6.5,4,11.6,11.3,10.4,9.9,9.8,9.8,10,10.4,10.2,9.8,9.4,9,8.9,9.2,9.4,9.3,9.1,8.9,9.1,8.9,8.8,8.9,8.8,8.6,11.6,9.6,12.4,0.95,-0.83,8.02,1548.5,4.8,0.81,5.21,10.01,3159,-9.4,0.37,15.71,12.01,5830,30.3,42.8,10210,-30,1.93
0.5,0.8,0.4,0.9,0.7,0.5,0.4,1.8,1.6,1.3,1.8,2.1,1.5,2.1,2.6,2.5,1.1,1.2,0.6,0.6,0.5,0.5,0.6,0.3,2.6,1.1,11.5,11.1,10.8,9.6,9.3,9,8.8,10.6,13.9,16,17.4,16.8,14.7,14.1,15.6,16.2,16.5,16.6,16.3,14.8,14.4,13.1,12.7,11.8,17.4,13.4,7.6,0.52,4.8,-3.31,1486.5,1.9,0.26,11.16,1.47,3074,-17.6,0.15,28.06,8.6,5695,3.05,37.65,10145,45,0.2
0.9,0.8,0.9,1.1,1.1,1.2,0.9,2.5,3.7,3.2,3.4,2.1,1.8,2.1,2.1,1.8,2.2,2,3.3,2.5,3,3.1,2.2,2.5,3.7,2.1,26.7,26.2,26,25.7,25.8,25.4,26.3,28.2,29.2,30.1,31.1,32.2,33,33.7,34.2,34.2,33.6,33.2,32.3,30.8,29.7,28.9,28.2,27.8,34.2,29.7,19.1,0.66,1.1,2.57,1559.5,8,0.76,2.69,-0.57,3198.5,-6.2,0.1,0.93,-6.58,5905,33.85,44.1,10155,-10,0
0.4,0.3,0.4,0.4,0.1,0.6,0.3,0.8,1.7,2.3,2.6,2.4,1.7,2.3,1.4,1.7,2.7,2.4,2.2,2.1,1.5,2.3,2.4,3.3,3.3,1.6,26.1,26.3,26.7,27,26.7,26.7,26.7,28,27.1,27.7,28.8,29.6,29.8,28.8,27.7,27.9,28.3,27.8,27.1,26.5,26,25.6,25.6,25.5,29.8,27.3,16.9,0.69,7.51,1.69,1521,8.1,0.67,10.69,-0.66,3152.5,-7.5,0.56,19.51,0.88,5855,29.6,43,10120,-5,0
0.4,0.2,0.6,0,0.4,0.7,0.6,0.8,1,0.9,0.4,0.5,0.8,0.4,0.5,0.9,1.5,1.6,0.7,0.5,0.1,0.3,0.4,0.5,1.6,0.6,21.8,21.7,21.6,21.5,21.8,22.1,22.2,22.6,23.2,23.5,23.4,24.3,25.2,26,27.3,27.8,27.4,26.5,25.2,24.3,23.8,23.5,23.2,22.4,27.8,23.8,16.3,0.68,-2.9,-0.13,1509,9.6,0.29,2.69,-1.27,3145,-8.8,0.44,10.76,-3.42,5840,18.75,44.05,10110,-25,0.1
0.7,0.2,0.5,0.4,1.3,1.3,1.8,2.2,3,4.2,5.2,5.6,6.3,5.9,5.1,5.4,5.4,3.4,2.6,1.8,2.1,3.7,1.9,0.7,6.3,2.9,12.6,11.7,10.7,10.2,11.1,12.1,11.8,12.3,13.8,15.9,17.6,18.4,18.5,18.4,18.8,19.4,19,17.6,16.4,14.9,13.7,14.2,13.2,11.2,19.4,14.7,12.4,0.25,12.45,-2.2,1474.5,3.2,0.22,22.2,-5.17,3073.5,-12,0.12,29.8,-2.9,5730,-0.7,29.8,10105,-15,0
0.4,0.2,0.4,0.4,0.3,0.2,0.4,0.2,0.3,1.4,3.2,4.4,4.2,3.9,3,3.1,3.2,3.2,2,2.1,1.6,1.2,1.1,0.9,4.4,1.7,5.3,4.3,3.7,3.3,3.2,2.9,2.8,3.2,6.9,12.3,14.9,16.4,17.3,17.9,18.7,19.4,19.8,19.4,17.8,16.4,15.2,14.1,12.4,11.4,19.8,11.6,4.2,0.29,7.3,-1.91,1523,0.35,0.28,11.62,0.54,3093.5,-16.5,0.18,16.05,-6,5710,-19.6,22.4,10230,-30,0
1.9,2.6,2.5,2.2,2.2,2.5,1.9,2,2.5,2.9,4.1,4.3,4.5,4.3,5.1,5,4.2,4.4,4.9,4.6,3.8,3.9,3.2,3.5,5.1,3.5,19.3,19.4,19.6,19.5,19.5,19.5,19.5,19.8,20.2,20.9,22.4,24.3,25.4,25.4,24.8,24.1,23.8,22.6,21.8,21.4,21.2,21.1,20.7,20.7,25.4,21.5,10.3,0.63,3.94,6.25,1535,6,0.12,8.29,-1.44,3140,-14.4,0.29,13.82,-3.54,5790,1.8,42.2,10180,-50,0
0.4,0.3,0.3,0.4,0.8,1.3,1.2,2.1,2.4,2.3,2.8,3,2.1,2.3,2.1,2.1,2,1.7,2.2,1.6,1.2,1.3,0.8,0.2,3,1.5,14.7,13.6,13.3,13.3,13.1,13.2,13.3,14.6,16.9,19.7,21.8,23.2,24.3,24.9,25.3,25.6,25.4,24.4,22.4,20.9,19.7,19,18.2,16.5,25.6,19,14.4,0.03,-1.34,-2.83,1535,8.3,0.22,5.08,-6.46,3156.5,-9.6,0.09,6.27,-2.23,5835,-23.1,6,10190,-15,0
0.3,0.4,0.5,0.3,0.5,0.1,0.7,2.2,2.9,2.1,2,2.1,2,2.2,1.6,1.8,1.1,2.9,4.2,3,2.6,2.4,1.7,1.5,4.2,1.7,24.3,23.7,23.4,23.5,23.1,23,23.8,25.2,26.4,27.3,28.7,29.6,30.6,31.6,32.1,32.3,32.2,31,28.1,25.7,24.1,23.3,22.9,22.4,32.3,26.6,16.5,0.78,0.86,0.21,1515.5,7.1,0.34,8.72,-0.76,3144,-9.1,0.58,11.84,-2.25,5820,24.15,47.25,10115,0,0
0.8,1.3,0.9,2.2,0.4,2.3,2.5,3,1.1,2,2.5,3.6,3.1,2.7,3,1.9,1.7,1.3,2.2,1.1,1.3,1.7,1.8,1.1,3.6,1.9,22.3,22.1,22.2,20.8,19.8,19.8,19.6,19.9,20.6,20.9,21.1,18.6,17.2,17.3,17.5,17.9,18.4,19.1,19,19,18.9,18.9,19.1,19.1,22.3,19.5,15.7,0.65,5.19,12.29,1498,9.1,0.17,12.83,16.72,3133,-12.7,0.9,13.92,22.28,5805,15.1,50.3,10110,-30,6.22
1.6,2.2,2.1,2,2.1,1.8,1.6,2.3,1.7,2.1,2.9,2.7,2.9,2.9,3.5,6.2,6.2,5.9,3.4,3.4,3.4,3,2,1.5,6.2,2.9,12,11.9,11.8,11.7,11.4,11.5,11.4,11.4,11.6,11.8,12,11.8,11.8,11.9,12.3,12.1,12.1,11.6,11.3,11.4,11.3,10.7,9.8,8.8,12.3,11.5,14.2,0.79,8.55,12.21,1417,4.3,0.94,13.55,12.57,3031.5,-12.3,0.79,18.45,16.76,5690,35.75,49,10040,-50,0.84
3.9,3.2,3.5,3.9,3.7,3.5,3.2,4.1,4.2,4.6,4.4,4.5,4.6,5.1,4.6,4.8,4.3,4.1,4.2,3.6,3,2.8,2.5,2.5,5.1,3.9,24.5,24.2,23.9,23.7,23.7,23.4,23.4,25.1,27.1,28.6,28.9,29.5,31.2,31.4,31.9,31.9,31.2,29.6,27.4,25.9,24.9,24.3,24.3,24.3,31.9,26.9,17.8,0.64,3.31,15.28,1512,11.6,0.22,9.96,13.01,3157,-8.7,0.05,12.18,4.79,5855,17.3,46,10115,15,0
3.9,3.6,2.7,3,2.7,2.6,2.5,2.3,3.4,4.2,4,5.2,5.2,5,4.8,4.6,5.2,5.1,4.3,3.1,2.6,2.7,3.7,3,5.2,3.7,20.4,20.4,20.3,20.3,20,19.8,19.8,20.2,21,22.3,22.7,23.2,23.6,23.4,23.5,23.5,23.3,22.4,21.1,20.3,20.1,20.1,19.9,19.8,23.6,21.3,10.9,0.66,-2.69,6.4,1586,4.4,0.59,2.35,-0.11,3187,-11.9,0.41,7.11,-7.11,5840,19.6,38.5,10240,15,0
5.2,5.9,5.1,5.5,4.8,3,2.6,1.5,1.7,4.2,3.7,2,1.3,0.9,0.3,3.6,4.5,2.4,1.4,1,1.1,0.6,1.1,1.4,5.9,2.7,22,22.1,21.8,21.7,21.7,21.5,21.4,21,18.6,15.9,15.7,15,15.6,16.2,17.3,19.6,20.8,20.3,19.1,17,15.6,13.4,12.6,12.7,22.1,18.3,11.6,0.88,3.18,14.17,1514.5,6.2,0.31,8.52,15.38,3118,-12,0.18,20.21,10.89,5785,17.65,45.15,10145,-25,1.02
2.8,2.7,3.5,3.4,3.1,3.3,3.7,4,4,3.4,2.7,2.5,3.9,3.6,3.2,3.7,3.8,3.5,3.1,2.3,2,2.1,2.2,2.1,4,3.1,13.1,12.8,12.4,11.9,11.7,11.7,11.8,12.4,13.4,15.4,16.9,17.9,19.6,21.2,21.8,22.4,22.9,22.7,21.8,21.6,22.1,22.3,22.3,22.4,22.9,17.7,10.4,0.42,-0.68,1.13,1555.5,2.4,0.82,12.98,0.4,3156,-12.7,0.2,22.41,3.97,5810,18.35,33.7,10245,25,0.08
1.9,1.7,1.3,0.5,0.4,1.1,1.6,2.3,3,3.4,3.4,3.5,4.1,3.7,3.7,4.2,4.3,4.2,3.8,3.8,4.2,3.7,4,3.5,4.3,3,22.1,22.4,22.1,21.5,20.9,21.4,22.3,23.9,25.3,26,26.2,26.2,26.6,26.2,26.5,26.9,26.6,26.1,25.5,25.2,25.2,25.3,25.5,25.7,26.9,24.7,20.4,0.18,-1.6,7.27,1508,11.8,0.25,2.56,3.03,3157.5,-9.3,0.19,17.45,0,5865,6.6,34.9,10110,15,0
1,1.2,0.9,0.8,1.5,1.5,1.9,2.2,2.6,3.2,2.8,3,2.5,2.5,2.4,3,3.6,3.4,2.7,2.2,1.8,1.3,0.7,0.3,3.6,2,21.9,21.8,21.7,21.4,21.3,21.3,22.1,23.7,25.3,26.5,27.2,28.1,28.9,29.6,30.1,30,29.3,28.8,27.8,26.6,25.6,24.6,23.2,22.1,30.1,25.4,14.8,0.87,-3.51,1.57,1502,6.4,0.78,-5.94,-0.27,3121.5,-8,0.41,-11.63,-8.06,5815,31.25,43.25,10110,40,0
0.2,0.1,0.4,0.9,0.8,0.8,1.3,1.9,2.4,3.3,3.5,3.8,3.8,4.2,4.9,5.1,5.1,4.7,4.5,3.3,2.1,0.7,1.1,1.3,5.1,2.5,24.8,24.3,24.1,24.3,24.4,24,24.7,26.7,29.4,30.9,31.8,32.8,33.1,33.5,33.6,33.1,32.9,32.2,30.9,29.8,29.1,28.8,28,27.3,33.6,28.9,17.8,0.78,-4.08,0.3,1540.5,11,0.08,-5.09,-0.76,3176.5,-4.3,0.11,-5.29,-5.57,5900,1.9,40.2,10125,10,0
0.7,0.9,1.2,0.4,0.2,0.4,0.3,0.3,0.8,1.4,2.4,1.7,1.3,1.9,2.2,1.7,2.9,2.2,1.7,1.6,1.3,0.6,0.2,0.1,2.9,1.2,14.8,13.4,12.9,11.3,10.4,10.1,9.7,10.2,14.6,18.7,21.1,21.9,22.4,23.4,24.1,24.4,22.8,20.6,18.7,17.8,17.4,16.7,15.1,14.3,24.4,17,14,0.11,1.51,2.93,1564,7.2,0.08,7.55,-0.75,3182.5,-10.2,0.04,9.88,-3.43,5860,-20.3,20.4,10230,35,0
2.1,1.7,1.6,1.5,1,1.8,2.5,2.3,1.8,2,2.2,2.9,3.4,3.7,3.1,3.2,3,2.8,1.9,1.4,1.4,1.3,0.8,0.9,3.7,2.1,14,13.9,13.6,13.2,13,12.4,12.1,12.3,13.3,15.6,18,20.2,21.5,22,22.7,23.2,23.2,22.9,21.6,19.3,17.9,16.7,15.7,14.9,23.2,17.2,8.4,0.56,7.64,-4.96,1483,0.55,0.49,10.19,4.07,3071,-10.5,0.45,25.59,12.26,5720,-5.7,26.5,10145,10,0
6.1,6,6.4,4.8,4.2,3.7,3.8,5.3,4.2,5,4.8,5.7,5.9,5.4,4.8,4.6,4.6,3.4,1.6,0.9,0.6,0.2,0.4,1.9,6.4,3.9,19.3,19.2,18.4,17.2,15.9,15.8,15.2,14.8,14.6,15.1,16.4,17.5,18.7,19.6,20.4,21.2,21.4,20.9,19.8,17.8,15.8,14.4,12.9,12.7,21.4,17.3,10,0.98,10.5,8.52,1482,1.25,0.49,13.89,9.78,3075.5,-17.8,0.56,23.26,8.65,5685,28.55,55.35,10120,-130,0
2.5,1.7,1.4,1.5,1.6,1.6,1.3,1.1,0.9,1.2,1.9,1.1,1.1,1.6,1.4,2.3,2.5,2.5,2.3,2.1,2,1.6,2.5,2.3,2.5,1.7,6.8,6.7,6.6,6.5,6.4,6.3,6.4,6.3,6.3,6.4,6.7,7,7.3,7.5,7.8,7.8,7.7,7.3,7.2,7.1,7.2,7.3,7.4,7.4,7.8,7,9.7,0.37,9.45,-6.38,1520,4.9,0.03,12.68,-7.6,3119.5,-12.9,0.02,23.19,-9.94,5770,-20.7,31.7,10210,30,0
3,2.5,2.7,3,3,3,3,3.4,3.1,3.2,3.2,3.6,4.4,4.6,4.5,3.9,3.8,3.4,2.5,3.3,2.7,3,3.6,4.1,4.6,3.4,15.6,15.9,16.5,16.9,16.9,16.9,17.2,17.4,17.7,18,18.5,19,19.4,19.8,20.1,20.2,20.3,20.4,20.5,20.3,20,19.8,19.8,19.8,20.5,18.6,13.1,0.75,-4.32,4.31,1613.5,4,0.72,1.63,3.56,3225,-12.3,0.21,0.7,0.88,5880,28.95,45.8,10275,20,0
4.4,3.4,3,2.5,2.6,1.8,1.3,3,3.5,3.9,4.3,4.6,4.2,4,3.9,3.9,4.2,4.4,4,3.5,3.4,3.3,3,2.9,4.6,3.5,25.8,25.4,24.8,24.7,24.6,24.1,24.3,25.6,26.9,28.1,29.2,29.8,30.3,30.8,30.9,30.4,30.3,29.2,27.7,26.9,26.3,25.9,25.6,25.4,30.9,27.2,19,0.23,-1.8,9.1,1569.5,9.7,0.14,-0.47,11.06,3208.5,-8.1,0.27,4.62,4.29,5915,-1.4,31.2,10175,0,0
1,1,0.9,0.7,0.9,0.7,0.9,1.5,2.3,2.7,2.4,2.4,3.3,4.4,4.7,4.9,4.8,4,3.2,2.4,2.5,1.6,1.2,1,4.9,2.3,25.8,25.2,24.8,24.5,23.8,23.7,24.3,26.9,28.4,29.5,30.7,31.6,32.1,32.1,32.3,31.8,31.5,30.6,29.4,28.8,28.2,27.3,26.6,26,32.3,28.2,17.4,0.7,0.9,4.91,1561,7.7,0.83,-2.31,2.06,3193.5,-7.4,0.27,-4.99,0.27,5900,33.7,43.8,10160,10,0
3.1,3.3,2.7,2.4,2.2,2.2,2,2.7,2.8,3,3.8,4.2,4.6,5.1,5.2,5.2,4.7,3.9,4,3.5,3,3,3.9,3.2,5.2,3.5,21.2,21.2,21.1,21,20.9,20.7,20.7,20.7,21,22.2,23.5,24.7,25.2,25.7,26,25.7,24.9,23.8,22.8,22.1,21.6,21.5,21.2,21,26,22.5,11.7,0.8,4.08,9.72,1565.5,7.5,0.31,6.83,2.08,3177,-10,0.06,6.91,1.13,5855,14.45,39.95,10210,-25,0
1,1.4,1.4,1,0.8,0.2,0.5,1.9,2.9,2.8,2.3,1.6,1.7,1.9,1.9,2.9,3.8,3.6,3.4,3,3,2.1,1.5,1.6,3.8,2,26.4,26.4,26.4,26.1,25.7,25.2,26,27.9,29.4,30.4,31.3,32,32.9,33.4,34.4,34.1,32.6,31.7,30.4,29.4,28.9,28.2,27.6,27.2,34.4,29.3,18.5,0.68,3.08,1.58,1573,8.4,0.76,1.07,-2.05,3211,-7,0.35,2.38,-3.04,5915,34.05,45,10165,5,0
4.3,4,4.1,4,3.4,3.4,3.5,4.3,1.3,4.5,4.7,3.1,4,3.2,1.6,3.3,5,4.9,5.2,4.9,4.5,4.7,4.2,4.3,5.2,3.9,22,22.2,22.2,22.4,22.6,22.7,22.8,23.3,20.7,17.6,15.8,15.5,16.6,17.9,18.2,18.2,17.6,15.8,15.3,15.1,14.8,14.6,14.5,14.4,23.3,18.5,15.5,0.86,1.9,12.41,1513,5.9,0.71,7.8,9.28,3136.5,-12.8,0.46,16.58,3.98,5795,36.2,54,10130,-15,6.43
1.3,1.3,1.1,1.1,1.3,1.4,2.1,2.5,2.7,2.5,2.5,3,2.6,3,2.8,3,3.1,2.7,2.2,1.8,1.8,1.3,1.4,1.6,3.1,2.1,25.2,25.1,25.2,25.1,25.1,25.2,25.2,25.6,24.2,23.8,24.7,25.8,25.9,25.9,27,27.7,27.2,25.8,25.1,24.4,23.6,23.4,23.4,23.4,27.7,25.1,15,0.92,-6.18,6.87,1539.5,6.7,0.98,-3.1,6.47,3165.5,-7.2,0.92,0.8,4.3,5865,35.6,43.1,10160,-30,0
0.4,0.8,0.4,0.4,0.4,0.5,0.7,0.7,1.6,1.3,1.3,2.9,2.1,1.3,1.1,1.1,1.7,1.5,1.4,1.2,1.3,1,0.9,0.7,2.9,1.1,24.9,24.7,24.7,25,25.1,25,25.3,25.9,26.6,28.7,29.7,27.8,22.6,23.6,24.4,25.3,25.7,25.2,25.2,25,24.9,24.8,24.7,24.6,29.7,25.4,17.4,0.77,0.67,3.95,1530,8.1,0.77,1.42,2.21,3164,-6.4,0.84,2.34,0.1,5870,33.2,43.35,10125,20,0.28
0.9,0.5,0.4,0.1,0.2,0.3,0.4,0.4,1,1.6,1.9,2.3,2.1,1.8,2.1,2,1.7,1.3,1.3,2,1.3,1.5,0.8,0.8,2.3,1.2,22.6,22.6,22.2,22.1,22.1,22.2,23.1,24.7,26.5,28.1,29.1,30.2,30.8,31.4,31.6,31.7,31.7,31.7,30.8,28.4,26.4,25.7,25.2,24.9,31.7,26.9,16.8,0.74,1.3,4.86,1517,6.9,0.67,4.19,3.37,3145.5,-8.2,0.15,9.05,1.89,5835,31.3,45.35,10115,-15,0
0.5,0.5,0.4,0.3,0.4,0.2,0.5,0.3,1.2,1.5,1.5,1.6,2.1,1.6,1.9,1.4,1.9,1.4,1.8,1.5,0.6,0.3,0.1,0,2.1,1,14.4,14.3,13.1,11.6,10.9,10.4,9.9,10.7,15.2,18.7,21.6,23.3,24.3,25,25.7,25.9,25.6,23.1,20.4,18.9,17.2,15.1,13.7,12.5,25.9,17.6,14.9,0.09,-6.03,-5.21,1574,7.7,0.11,-5.04,-3.79,3193.5,-10.5,0.16,-0.16,-3.89,5875,-19.7,18.8,10225,0,0
3.3,3.5,3.4,3.4,3.2,3.1,2.8,3.5,3.3,3.8,4.1,4.6,4.7,5,5.1,5.3,5,4.4,3.8,3.8,3.4,3.4,4.1,2.9,5.3,3.9,23,23.1,23.1,23.3,23.7,23.9,24,24.3,24.9,25.3,25.3,25.3,25.4,25.6,26.2,26.6,26.4,25.9,25.1,24.4,24.4,24.4,24.4,24.6,26.6,24.7,15,0.45,1.38,9.17,1532.5,7.9,0.27,1.36,6.04,3157.5,-11.2,0.6,8.56,4.27,5830,12.2,40.4,10150,15,0
0.7,0.9,1.3,0.8,0.9,1.3,1.4,1.8,1.6,2.2,2.6,2.3,2.4,2.8,3.9,4.7,4.2,3.7,2.8,2.5,2.6,2.1,1.5,0.9,4.7,2.2,13.1,12.4,12.6,12.3,12.1,12.6,13.1,14.2,16.6,19.7,21.2,22.3,23.3,23.9,23.8,23.1,22.7,21.6,20.1,19.6,18.8,17.9,17,16.1,23.9,17.9,13.4,0.23,3.04,2.35,1512.5,5,0.2,8.22,-0.09,3117.5,-16,0.21,10.3,-8.39,5750,3.3,38.8,10165,-15,0
1.8,1.3,1.3,2.1,2.4,2.6,2.2,2.9,3,3.8,4.5,4.9,5.3,5.1,4.2,4.1,2.4,3.1,4.6,5.5,4.7,3.9,4,3.5,5.5,3.5,15.4,15.3,15,15.1,15.6,15.9,15.7,15.6,16.2,17.1,18.5,19.6,19.7,20.1,20.6,19.9,19.2,17.6,15.3,12.2,11.9,11.9,11.8,11.4,20.6,16.1,9.3,0.5,9.19,-1.76,1491,1.9,0.23,16.59,-2.17,3078,-11.6,0.14,28.72,-13.6,5715,-1.15,27.45,10150,45,0.74
0.1,0.4,0.4,0.7,1.6,1.7,1.8,1.6,2,2.1,2.6,2.8,4.1,3.7,2.6,2.5,2.5,2.5,1.9,1.3,1.4,1.2,1.1,0.9,4.1,1.8,18.5,18.3,18.1,18.1,19.1,19.2,19.4,20.6,22.4,23.7,24.1,24.8,24.8,23.9,23.7,24.4,24.7,24.4,23.8,23.1,22.7,21.9,21.4,20.7,24.8,21.9,12.1,0.81,1.71,4.48,1546,7.3,0.04,3.02,0.67,3158,-10.2,0.49,10.29,2.82,5835,-6.35,41.35,10170,-20,0.36
3.4,3.2,3.8,3.8,3.4,2.3,2.6,3.2,3.7,3.2,3.6,3.5,3.8,3.4,3.3,3.5,4.3,4.2,3.7,3,3.3,2.8,1.6,0.9,4.3,3.2,27.5,27.3,27.1,26.8,26.4,26.1,26.4,27.3,28.4,29.5,30.5,31.2,31.7,32.4,32.5,32.6,32.2,31.4,29.7,28.7,28,27.9,28.1,27.8,32.6,29.1,20.2,0.44,2.19,15.48,1517,11.2,0.24,5.04,10.34,3163.5,-7.7,0.03,6.91,9.28,5870,15.6,42.8,10110,15,0
2.7,2.5,2.1,2,2.1,1.9,1.9,2.3,3.7,4.6,4.6,4.5,4.3,4.4,4.5,4.5,4.4,4,3.2,3,2.9,2.6,2.5,2.7,4.6,3.2,18.1,18.1,17.8,17.6,17.7,17.8,18.1,18.9,21.1,22.2,23.2,23.4,24.1,24.2,24.3,24.1,23.7,23.3,22.2,21.3,20.7,20.7,20.3,20.4,24.3,21,8.8,0.75,4.54,10.53,1538,7.8,0.03,3.4,3.84,3153,-11.6,0.3,10.26,1.17,5820,-16.15,36.45,10190,-35,0
2.3,2.5,2.6,2.2,2.2,2.1,2.4,3.5,4,3.7,4.4,4,4,3.2,3.2,3.6,4.4,3.7,3.3,3.5,2.9,2.2,2.1,1.6,4.4,3.1,27.4,27.2,26.9,26.8,26.7,26.5,26.8,28.3,29.4,30.3,30.9,31.8,32.2,32.6,32.9,32.8,32.3,31.7,30.7,29.6,28.6,27.9,27.5,27.3,32.9,29.4,18.1,0.78,5.42,8.4,1542,11.7,0.38,6.67,3.85,3194,-7.6,0.48,5.65,0,5910,26.35,47.45,10135,15,0
1.7,2.1,1.6,1.7,1.8,1.8,1.9,1.9,2.2,2.7,3,2.3,2.5,2.3,2.6,3.2,2.8,2.3,2.1,2,1.1,1.3,1.5,1.6,3.2,2.1,26.1,26.2,26.2,26.1,26.1,26.2,26.4,26.4,26.6,27.2,26.6,26.8,29.1,29.3,30.4,30.9,30.8,29.6,28.6,27.3,26.7,26.2,25.9,25.7,30.9,27.4,18.1,0.78,-5.14,3.73,1552,9.5,0.76,-4.37,3.61,3193.5,-5.1,0.62,-3.46,0.12,5915,33.25,42.45,10145,-10,0
1.2,0.9,0.8,1.7,1.3,1.6,2,2.6,2.7,2.8,1.7,1.5,1.3,1.7,2.2,2.1,2.4,2.4,2.4,1.8,1.7,0.9,0.1,0.8,2.8,1.7,20.4,19.9,19.8,20.1,20.1,20.2,20.7,22,23.7,24.9,26,26.8,27.4,28.3,28.7,29.2,29.2,28.8,27.6,26.1,25.1,24,22.7,22.5,29.2,24.3,13.7,0.77,0.06,-4.29,1551.5,6,0.42,2.41,-3.7,3166.5,-10.2,0.04,-0.58,-6.57,5850,9.75,43.75,10170,20,0
1.3,1.3,1.4,1.8,1.3,1.3,1.8,1.3,1.7,2.6,3.2,2.8,2,1.9,0.7,0.8,1,0.7,1.5,1.3,0.7,0.8,0.5,0.2,3.2,1.4,22.1,21.9,21.8,21.7,21.5,21.2,21.2,21.9,23.8,25.3,25.9,27.1,27.7,28.2,28.5,28.7,28.7,26.9,24.6,23.4,22.3,21.9,21.8,20.9,28.7,24.1,17.1,0.42,3.56,7.96,1564,8.2,0.3,4.39,2.67,3194,-7.4,0.12,10.69,0.53,5900,11.6,35.5,10190,-25,0
3,2.8,2.4,2.5,2.7,1.9,2.2,4.1,4.6,4.5,4.1,3.6,3.7,3.4,3.2,3.2,3,3.1,4.5,3.7,3.9,3.8,2.5,3,4.6,3.3,27.6,27.3,27.2,27.1,26.9,26.8,27.9,29.2,30.6,32.4,33.9,35.6,36.6,37.1,37.7,38.1,38.6,37.7,34.8,32.4,30.6,29.1,28.2,27.9,38.6,31.7,22.5,0.23,4.66,1.6,1549.5,10.9,0.48,2.8,0.2,3202,-3.4,0.17,4.58,-4.1,5930,15.9,29.8,10130,-25,0
2,1.6,2.1,1.7,1.6,2.1,3,3.5,5.3,5.7,5.8,5.9,5.1,5.9,5.9,5.1,4.5,3.4,2,1.4,1.6,1.1,1.3,1.8,5.9,3.3,16.4,18.3,19.6,20.2,20.5,20.7,20.6,19.3,15.3,12.3,11.8,10.8,10.2,10.6,12.1,12.9,12.9,12,10.7,9.3,8.6,7.7,6.7,6.2,20.7,13.6,12.9,1,12.41,13.36,1501,7.5,0.31,14.83,6.52,3113.5,-10.4,0.39,29.85,8,5790,20.7,46.6,10130,-55,0.18
0.2,0.4,0.2,0.1,0.3,0.2,0.1,1.2,1.7,2.1,2.8,2.5,3.6,3.6,4.5,4.5,4.1,3.9,3.6,3.1,2.5,2.5,2.5,2.5,4.5,2.2,14.2,13.6,13,12.4,11.8,11.4,11.1,13.5,17.2,19.3,21.1,22.6,23.8,24.1,23.6,23.4,23.4,22.3,20.8,19,18.2,18.1,18,17.9,24.1,18.1,9.9,0.52,4.26,-4.38,1498,1.2,0.35,14.55,-6.83,3083,-14.7,0.04,23.51,-12.17,5705,3,38.7,10140,30,0
3.8,1.2,3.6,2.8,2.5,3.8,4.7,4.9,4.3,4.9,6.4,6.3,5.9,5.6,4.6,4.7,4.5,4.4,4.3,3.5,4.1,3.3,2.8,2.2,6.4,4.1,19.3,19.3,18.1,16.4,16.3,16.4,17.5,18.2,18.6,19.8,22.1,23.2,23.8,24,23.7,23.9,23.6,23,22.1,21.4,21.4,21.1,20.4,19.8,24,20.6,10,0.5,3.82,9.16,1556.5,2.5,0.31,7.15,12.04,3150.5,-13.2,0.19,10.92,11.3,5795,-3.45,23.75,10210,-45,2.26
4.2,4.9,4.2,4.6,4.2,4.1,3.7,4.3,5,4.7,3.6,3.7,2.7,2.5,2.4,1.8,1.7,1.6,2.5,2.6,2.1,0.9,1.6,1.7,5,3.1,10.3,9.6,8.8,8.2,7.5,6.7,6.2,6.2,7.1,8.6,10.4,11.9,13.6,14.4,15.2,15.7,15.7,15.3,13.3,12.5,11.7,11.9,12.1,12.1,15.7,11,13.1,0.37,3.9,-3.33,1602.5,2.5,0.31,8.95,-3.78,3202.5,-14.2,0.05,16.41,0.85,5840,2.9,34.6,10300,130,0
1.2,1.6,2.7,4.2,1.9,1.3,1.8,3,4.2,4.4,3.8,3.9,4.5,4.6,5,5.1,4.5,3.9,3.4,3,2.5,1.6,1.7,2.5,5.1,3.2,24.7,24.4,24.7,24.8,24.4,24.6,25.1,27.7,30.1,31.1,32.6,33.2,33.8,34.1,33.2,33.9,33.7,32.9,31.5,29.8,28.9,28.2,27.8,27.7,34.1,29.3,17.7,0.79,0.29,5.89,1564,8.6,0.92,-0.75,4.51,3200.5,-4.7,0.18,-6.43,1.93,5920,34.65,40.65,10165,45,0.08
3.8,4.3,4.4,4.6,4.2,3.8,3.4,3.3,4.5,4.6,4.5,4.6,4,3.7,4.1,4.2,3.6,2.1,1.8,1.7,1.3,0.8,1.4,1.3,4.6,3.3,15.8,15.3,14.5,13.7,12.7,11.8,11.1,10.4,10.4,11.6,13.4,14.8,15.9,17.4,18.2,18.4,18.2,17.1,15.1,13.4,11.8,11,10.4,10.1,18.4,13.9,10.3,0.52,-2.06,-2.13,1630.5,2.7,0.24,6.22,-7.61,3214.5,-12.5,0.13,10.99,-10.04,5870,3.45,33.45,10320,115,0
3.1,2.8,3.4,3.8,3.3,2.6,3.8,4.2,4.5,3.8,3.7,3.6,4.2,5.7,4.8,4.5,4.4,4.3,3.8,3.4,2.1,1.3,0.8,0.6,5.7,3.4,8.9,9,8.8,8.8,9,9.2,8.9,9.1,9.6,9.9,9.4,9.2,10.4,11.9,12.2,12.2,12.7,13.4,13.3,13.5,13.7,14.3,14.8,14.9,14.9,11.1,7.8,0.05,-1.16,5.51,1522,2,0.42,12.31,7.57,3103,-16.2,0.45,18.29,9.63,5740,-16.7,11.5,10215,-5,0.15
1,1.1,1.5,2.1,2.3,2,1.5,2.1,2.9,2.7,3,3.4,3.6,3.5,3.4,3,2.7,1.7,1.2,1,1.2,1.9,2.1,1.7,3.6,2.2,23.7,23.6,23.4,23.2,23.2,23.2,23.4,23.8,24.6,27.2,29.6,31.1,31.8,32.1,32.5,32.3,31.6,30.6,29.4,28.2,27.4,26.9,26.8,26.4,32.5,27.3,17.3,0.76,-9.04,-0.59,1522,9.4,0.7,-6.55,1.25,3160,-5,0.62,0.24,0.09,5875,29.6,40.25,10120,-5,0
0.7,0.6,0.8,0.9,0.7,0.7,1.1,3,3.9,3.7,3.2,2.7,2.3,1.7,0.5,1.6,0.8,2.4,0.4,0.5,1.6,1.4,1.5,3,3.9,1.7,25.2,25.5,25.4,25.5,25.3,25.3,26,28,29.4,30.9,32.6,34.6,36.2,37.2,38.1,38.7,38.9,35.1,33.6,32.9,31.4,30.3,30.2,29.8,38.9,31.1,21.7,0.73,3.06,1.24,1543.5,8.5,0.87,1.37,-4.18,3192.5,-6.8,0.72,-4.63,-4.01,5895,42.05,51,10120,25,0.64
0.9,0.8,0.9,0.8,0.7,0.8,0.4,1.2,2,2.1,1.3,2.4,4.1,1.3,1.3,1.2,1,1.5,1.7,0.4,0.3,0.6,0.7,1.4,4.1,1.2,26.3,26.3,26.2,26.1,25.8,25.6,26.2,27.8,29.5,30.8,30.6,31.7,31.8,25.2,23.9,24.3,24.8,25.4,26,26.2,26.7,26.2,25.9,25.6,31.8,26.9,17.9,0.78,3.79,1.92,1556,9.9,0.49,3.6,1.71,3194,-7.6,0.17,4.09,0.2,5905,29.25,46.85,10150,5,4.01
4.2,4.1,3.5,4.4,4.6,4.2,2.1,1.5,1.1,1.8,0.3,0.9,0.2,2,2.7,2.1,2.6,2.5,1.2,2.1,2.2,1.7,1.6,1.9,4.6,2.3,23.9,23.8,23.6,23.8,23.6,22.2,19.2,18.9,18.9,18.9,19,19.4,19.7,20.7,22.1,23.4,23.5,22.9,21.6,20.7,20.6,20.4,19.8,19.3,23.9,21.2,14.8,0.74,-3.12,12.52,1523,9.7,0.19,-0.31,9.24,3142,-12,0.57,4.52,6.89,5825,14.6,48.1,10135,10,2.74
2.5,2,3.6,3.8,3.8,3.8,3.5,4.1,4.9,5,4.3,6.5,6.8,7,5.8,5.9,5.8,5.9,5.5,5.8,4.8,4.7,5,4.9,7,4.8,20.8,21.1,21.8,21.5,21.5,21.3,20.9,20.8,20.9,21.8,23.6,25.6,25.8,25.7,25.4,25.3,24.7,24.1,23.6,23.1,22.8,22.6,22.3,22.4,25.8,22.9,13.4,0.75,-2.4,10.69,1527,6.5,0.34,4.12,11.32,3142.5,-7.4,0.15,6.07,10.49,5855,15.4,36.8,10150,-15,0
1.1,0.9,1.4,1.3,1.2,1.7,1.8,2.1,2.5,2.5,2.4,1.3,1.3,1.7,1.4,1.5,2,1,0.4,0.1,0.4,0.2,0.2,0.2,2.5,1.3,20.5,20.2,20.2,20.4,20.3,19.9,19.4,19.2,19.2,19.6,20.7,21.9,23.4,24.5,25.2,25.6,25.4,24.1,21.1,19.8,19.1,18.2,17.5,16.7,25.6,20.9,14,0.64,3.07,-3.1,1569,3.4,0.63,5.52,-2.7,3178,-9.2,0.31,7.07,2.95,5850,22.8,39.5,10200,25,0
1.4,0.6,0.7,0.8,1.4,2,1.4,1.5,1.9,4.4,5.7,5.4,6.1,5.9,6.7,6.1,6.7,5.9,6.7,5.9,5.8,5.5,4.4,4.5,6.7,4.1,14.8,14.2,13.7,14.4,14.7,14.7,14.9,15.7,17.7,20.7,21.9,22.5,22.9,22.7,22,21.3,20.7,20.2,19.8,19.6,19.3,19.2,19,19.3,22.9,18.6,12.2,0.33,-3.18,6.57,1587.5,4.9,0.24,3.22,0.8,3191.5,-13.4,0.14,8.07,1.4,5845,-2.7,28.7,10255,-30,0
0.5,0.7,0.5,0.2,0.1,0.8,0.7,1,2,2,1.3,1.4,0.8,0.4,1.5,1,1.7,2.1,2.2,1.7,1.4,1.5,1.5,1.4,2.2,1.2,26.7,25.9,25.4,25.4,24.9,25,25.4,27.1,28.5,29.7,31.2,32,33.1,34,34.7,34.9,35.4,34.8,32.8,31.3,30.2,29.4,28.6,27.9,35.4,29.8,19.3,0.73,-3.01,0.42,1578,9.4,0.72,-3.79,-0.01,3220.5,-4.3,0.16,-10.93,-3.41,5945,33.1,42.2,10170,-5,0
1.7,1.8,2.2,1.5,1.3,1.4,2,2.5,3.7,4,3.5,3.4,3.1,3.3,3.4,3.9,4.2,4.4,3.6,3.8,3,2.3,1.9,2,4.4,2.8,25.2,24.9,24.8,24.4,24.1,24.2,25.2,26.3,27.6,28.8,29.7,30.9,31.4,31.7,32.2,31.7,31.2,30.2,28.8,27.5,26.7,26.2,25.9,25.3,32.2,27.7,18.4,0.64,1.24,-1.13,1532,7.8,0.51,0.83,-4.07,3166,-8.9,0.54,6.5,-17.85,5855,28.85,47.25,10130,-15,0
0.8,0.6,0.4,0,0.4,0.7,0.8,0.7,0.5,0.9,2.1,1.5,1.5,2.2,2.3,2.4,2,1.8,1.3,1.6,1,0.8,0.6,0.7,2.4,1.2,25.8,25.3,25.3,24.9,24.8,24.6,25,25.8,26.9,28.1,26.9,29.2,29.9,27.7,25.8,25.9,27.8,27.4,26.6,26.4,26.1,26.1,25.8,25.2,29.9,26.4,17.3,0.78,2.44,-5.9,1526.5,10.4,0.62,2.11,-5.02,3165.5,-5.8,0.42,4.65,-0.56,5880,29.45,42.25,10130,-15,0.94
1.3,1.1,0.8,1.4,0.4,0.8,1.1,1.9,3.1,2.8,3,2.6,2.8,3.5,4.5,4.8,4.5,4.5,4.1,3.8,2.7,2.8,3,2.5,4.8,2.7,26.6,26.1,25.8,25.7,25.6,25.2,25.9,27.8,29,30.1,31.2,32.3,32.9,33.6,32.7,33.1,32.8,32.2,30.9,29.5,28.5,28.1,27.7,27.3,33.6,29.2,17.7,0.69,2.11,1.27,1553.5,7.6,0.85,2.5,-0.65,3186.5,-7.7,0.58,6.3,-3.85,5885,34.6,44.7,10155,5,0
3.5,2.4,1.5,1.1,1.2,1.2,1,1.4,1.3,1,1.1,1.9,2.6,2.3,1.3,2,2.7,3.2,1.9,1.8,2.7,1.2,1.1,1.2,3.5,1.8,19.8,19.9,19.5,19.2,18.6,18.4,18.2,19.2,20.7,22.3,24.1,25.5,26.4,27.3,27.8,28.2,27.2,25.9,24.9,23,21.9,21.4,21.2,21.1,28.2,22.6,14.7,0.67,2.02,-1.74,1554.5,4.6,0.84,5.93,-0.69,3168,-10,0.43,9.84,0.66,5845,30.35,43,10175,0,0.91
0.6,0.6,0.7,0.4,0.5,0.5,0.6,1,2,2,0.7,1.2,1.2,3.4,2.9,3,3.7,4.5,4.2,2.7,2.1,1.5,0.7,0.7,4.5,1.7,26.7,25.5,25.1,25.3,25.1,24.8,25.1,26.8,28.3,29.7,31.2,32.9,34.1,35.1,35.2,35.8,35.4,34.2,32.2,30.4,29.3,28.8,28.1,27.2,35.8,29.7,20.7,0.58,-3.73,1.64,1579,8.5,0.58,-7.88,1.23,3220.5,-7.7,0.22,-8.24,-0.76,5920,32.4,48.3,10160,-15,0
1.1,0.4,0.4,0.8,1.2,1.3,0.7,2.2,2,1.8,2.3,2.4,2.4,2.1,2,2,1.8,1.3,0.8,0.6,1.3,0.1,0.8,1.1,2.4,1.4,22.6,22.6,22.3,22.3,22.2,22.3,22.7,23.7,25.2,26.8,28.1,29.1,29.8,30.5,31,31.1,31,30.7,30.4,29.2,28.4,27.2,26.4,25.7,31.1,26.7,16.2,0.79,4.58,0.4,1539.5,7.9,0.73,4.08,-0.39,3168,-7.2,0.68,3.9,3.27,5870,31.5,43.2,10140,-10,0
0.7,1,0.2,0.4,0.1,0.2,0.2,0.7,1.2,2.1,2.3,2.2,1.8,3.4,3.8,4.2,3.9,3.5,2.5,1.5,1.2,1.1,0.9,0.9,4.2,1.7,27.7,27.2,26.8,26.3,26,25.9,25.9,27.9,30.7,32.9,34.4,35.1,35.7,35.6,35.4,35,34.3,33,31,29.4,28.6,27.6,26.9,26.3,35.7,30.2,19.8,0.44,-2.38,-3.17,1523.5,9.4,0.23,-5.26,-8.75,3162.5,-4.8,0.05,-3.85,-4.59,5885,7.4,36.7,10105,35,0
1,0.9,0.8,1,0.7,0.7,0.5,0.4,0.8,2.5,3.4,2.1,2.4,4,4.2,4.7,4.3,4.4,2.9,2.7,2.5,2.3,1.6,1.1,4.7,2.2,23.3,23.1,23.1,23.4,23.4,24,23.6,24,26.1,28.1,28.9,29.8,30.8,30.2,30.2,29.8,29.6,28.6,27.4,26.6,26.2,25.8,25.1,24.4,30.8,26.5,15,0.63,1.02,1.92,1523.5,9.9,0.03,1.69,-1.13,3149.5,-5.8,0.04,3.66,-5.57,5865,-12.8,34,10130,-15,0
1.2,0.6,0.7,0.6,1.3,0.8,0.9,1.4,2.4,3.2,2.5,1.7,1.2,0.8,1,0.8,1.1,1.4,1.3,0.6,0.4,0.2,0.1,0.2,3.2,1.1,13.1,11.8,10.4,9.4,9.8,9.1,8.4,9.6,12.5,15.3,17.2,18.6,19.7,20.5,21.2,21.6,21.8,20.1,17.9,14.9,12.8,11.6,10.4,9.9,21.8,14.5,9.5,0.02,0.26,-9.91,1544,4.1,0.27,1.84,-8.04,3145.5,-12.4,0.09,6.19,-4.88,5795,-28.6,-0.2,10220,55,0
1.3,1.1,1.1,0.8,0.9,1.1,1.1,2.6,3.9,3.9,3.5,3.1,2.8,3,3.8,3.8,3.3,2.9,3.1,3,2.6,2.3,3,2.7,3.9,2.5,25.9,25.3,25.6,25.2,25.4,25.2,26,28.2,29.3,30.7,31.9,33.1,33.9,34.8,35.4,35.7,35.6,34.8,33.2,31.2,29.6,28.3,27.3,26.8,35.7,29.9,20.4,0.2,6.16,3.86,1570.5,9.8,0.6,2.05,1.57,3213.5,-6.7,0.31,0.27,2.24,5930,16.5,30.7,10165,0,0
1.5,1.3,1.5,1.2,1,0.7,1.4,2.4,3.2,3.8,4,3.9,3.9,4.6,4.6,4.2,4.6,4.2,3.8,3.8,3.1,2.3,2,2.2,4.6,2.9,22.9,22.6,22.2,21.9,21.9,22,22.9,25.1,26.6,28.1,29.3,29.8,30.2,30.3,30,29.3,28.9,28.1,27.1,26,25.2,24.7,24.2,24,30.3,26,16.1,0.44,2.95,9.55,1529.5,12.4,0.12,1.42,0.88,3170,-8.7,0.33,7.43,-5.01,5880,0.9,37.1,10140,0,0
0.5,1.6,0.8,0.8,1.9,2.2,3,3.2,3.2,3.3,3.2,2.3,1.6,1.7,2,2.5,2.7,2.7,3,1.9,1.4,1.9,2.3,2.3,3.3,2.2,29.1,28.7,28.1,27.7,27.5,27.3,26.6,26.1,26.1,26.4,27,27.8,28.9,29.1,29.9,30.8,31,30.8,30.3,28.9,27.9,27.3,26.6,25.6,31,28.1,19.4,0.93,1.91,-4.51,1532.5,9.1,0.6,1.97,-10.13,3178.5,-4.7,0.23,-2.06,-4.33,5905,34.75,46.95,10110,-10,0
0.1,0.3,0.1,0.1,0.1,0.8,0.8,1.7,1.6,2.1,2.1,2,1.9,3.5,2.6,2.7,1.6,2.5,0.9,1.5,1.4,1.1,0.4,0.1,3.5,1.3,25.4,24.9,24.7,24.9,25.2,25.3,25.4,26.1,27.3,28.5,29.6,28.4,27.5,27.7,26.6,27.3,27.1,22.7,22.6,22.6,22.9,22.9,22.9,23.1,29.6,25.5,17.2,0.79,-3.31,-1.91,1584,7.2,0.75,-3.52,-3.98,3214.5,-7.3,0.92,-2.72,0.45,5915,33.8,45.3,10190,0,4.11
0.4,0.4,0.8,0.7,1,0.6,0.9,1.4,1.6,1.9,2.1,2.4,2.5,1.9,2.3,1.7,2.2,2.2,1.6,1.2,0.9,0.4,0.3,0.3,2.5,1.3,21.3,20.8,20.5,20.2,20.2,20.2,20.2,21.5,23.9,26.3,27.8,29.1,29.5,29.9,30.9,30.9,30.8,29.5,28.1,26.8,24.9,23.6,22.9,22,30.9,25.1,15.2,0.79,-1.72,0.27,1552.5,5.7,0.72,2.37,2.59,3173,-8.6,0.02,-3.95,-4.49,5860,30.8,44,10165,-10,0
0.2,0,0.2,1.1,0.4,0.9,2.4,2.5,3.7,4.4,5,4.6,4.6,4.4,4.4,4.7,5.1,4,3.7,4.2,4,4,3.8,3.3,5.1,3.1,10.9,9.6,8.9,8.6,8.8,7.9,8.8,8.6,9.6,11.6,13.6,15.3,16.4,17.3,18.1,18.3,17.7,16.5,14.8,13.3,11.9,10.9,9.9,8.9,18.3,12.3,8.1,0.38,6.1,-4.27,1524.5,2.8,0.07,5.51,-6.69,3115,-17.8,0.09,8.09,-11.18,5730,-16.5,35.3,10200,-55,0
0.5,1.4,1.3,1.3,1.4,0.4,0.3,1,1.9,2.1,2.1,1.3,1.7,1.6,3.4,4.5,3.8,3.4,3.9,0.4,0.6,1.4,1.2,0.6,4.5,1.7,27.1,26.4,26.1,25.6,25.3,25,25.4,26.7,28.3,30.6,31.8,32.9,33.6,34.2,33.1,32.1,31.8,31.1,26.9,25.2,25.4,25.3,24.4,24.2,34.2,28.3,18.3,0.81,-2.35,-3.36,1544.5,8.1,0.69,-2.89,-5.09,3181.5,-7.9,0.35,-3.12,-4.35,5885,35.75,49.1,10130,5,1.02
1.3,2,2.1,1.2,1,0.8,0.9,2.7,2.7,3,3.2,2.2,1.7,2.1,1.7,1.9,1.3,2.5,3,1.8,2.4,3.1,2.9,2.4,3.2,2.1,27.3,27.1,26.8,26.6,26.3,25.8,26.2,27.6,29.1,30.2,30.9,31.8,32.5,33.2,33.9,34.1,33.9,33.1,31.2,30.4,29.8,29.1,28.2,27.7,34.1,29.7,18.7,0.73,1.11,0.03,1568.5,8.8,0.76,-1.77,-0.02,3209.5,-5.2,0.47,-4.98,2.77,5925,33.5,42.75,10155,-5,0
2.1,2.4,2.7,2.1,2,1.8,1.4,1.3,1.6,1.7,2.1,2.1,2.5,3.2,2.9,2.6,1.8,1.4,1.8,2.1,3.9,4.6,5.3,4.1,5.3,2.5,9.4,9.5,9.6,9.9,10.1,10.2,10.4,10.7,10.8,10.9,11.1,11.4,11.4,11.1,10.9,10.8,11.5,11.8,11.9,12.1,11.1,9.4,8.2,7.7,12.1,10.5,9.8,0.89,-0.09,2.31,1513.5,2.4,0.96,11.72,9.89,3109.5,-12.1,0.87,18.4,9.31,5765,29.45,42.15,10180,-30,1.4
1.8,1.8,1.8,1.5,1.5,1.7,1.6,2.3,3.6,4.1,3.9,3.6,3.4,3.5,3.9,3.8,3.6,3,2.9,2.5,2.4,3,2.5,2.1,4.1,2.7,25.1,24.9,25.1,24.9,24.8,24.7,24.8,25.3,26.6,27.5,28.3,29.1,29.7,30.2,30.3,29.9,29,27.7,26.5,25.8,25.6,25.4,24.8,24.7,30.3,26.7,16.8,0.67,-1.33,4.7,1581.5,9.3,0.07,2.34,4.86,3209,-7.7,0.06,10.83,3.87,5915,2.15,42.35,10195,25,0
1.3,0.8,0.4,0.4,0.5,0.7,1.3,2.1,3.4,3.5,3,2.6,1.6,1.2,0.8,1.1,1.5,1.7,1.5,1.3,1.1,0.8,1,1.3,3.5,1.5,27.1,26.5,25.9,25.9,25.8,26.1,26.2,26.8,28.2,29.2,30,30.4,30.7,31.3,32.1,32.6,32.5,32.2,32.2,30.7,29.4,28.1,27.7,27.1,32.6,28.9,19.5,0.67,2.13,-1.16,1548.5,9.4,0.77,0.81,-9.98,3194,-6,0.61,-2.59,-5.26,5910,34.05,44.1,10130,-10,0
0.7,0.8,1.3,1.5,1.3,1.4,1.3,1.1,1.5,2.8,3.2,4.4,5,5.1,5.5,5.4,5,4.3,5.1,3.7,3.3,3.2,2.7,2.9,5.5,3,9.4,9.3,10,10.6,10.9,11.7,12.5,13.2,15.3,19.2,20.5,22.1,22.2,22.6,22.5,22.3,21.8,21.4,21.2,20.8,21,21.2,21.4,21.5,22.6,17.7,6.3,0.68,6.35,-1.41,1510,4.8,0.34,12.93,-1.26,3098,-13,0.22,15.39,-1.48,5760,4.1,32.1,10190,25,0.41
1.9,2,2.5,2.1,2.2,1.4,2.2,2.3,2.9,3.4,4.7,5.5,4.7,4.8,4.9,4.6,3.7,3.3,3.4,3.2,3.4,3,2.8,3.4,5.5,3.3,15.7,16.1,16.6,16.4,16.3,16.1,16.3,16.4,18.1,20.3,21.9,23,23.8,24.1,24.1,23.9,23,22.1,21.3,20.7,20.2,20.1,19.7,19.5,24.1,19.8,10.1,0.42,5.12,9.97,1550.5,3.9,0.41,4.4,3.57,3152.5,-13.6,0.35,6.3,1.06,5795,5.8,33.9,10220,-45,0
2.9,2.5,3,2.2,1.4,1.5,1.7,2.7,3.6,3.2,4,5,4.5,5,4.6,4.6,4.1,4.3,4.2,3.5,3.2,3.3,3.2,3.5,5,3.4,21.1,21.2,21.4,20.7,19.8,19.7,20.3,22.1,23.3,24.1,24.8,26.6,26.7,26.2,25.7,24.8,24.6,24.8,23.9,22.9,22.6,22.8,23,22.9,26.7,23.2,11,0.81,5.91,8.44,1494,8.5,0.28,7.93,4.67,3105,-11.8,0.54,14.86,5.83,5775,13.05,42.35,10125,-75,0
0.7,0,0.4,0.3,0.3,0.5,0.8,1.2,1.5,1.7,1.6,2.8,1.2,2.3,3.5,3.5,3.9,3.4,2.9,1.4,1.9,1.5,1.4,1.7,3.9,1.7,23.7,23.2,22.8,22.9,22.6,22.7,23.9,25.4,27.2,27.4,27.9,25.8,25.3,27,27.7,28.2,28.7,28.4,27.5,26.6,26.1,25.7,25.1,24.5,28.7,25.7,15.8,0.85,3.47,6.59,1546,6.7,0.74,3.87,2.36,3169,-9.5,0.73,4.82,6.23,5850,34.2,47.95,10150,5,0.36
1.5,1.3,1.6,1.4,1.5,1.3,1.1,1.1,1.3,2.1,1,1.5,2.8,2.4,2.3,2,2.1,1.3,1.3,0.9,0.4,0.7,0.4,0.5,2.8,1.4,16.6,15.7,15.2,14.7,14.2,13.8,13.8,14.1,15.3,17.7,19.3,21.1,22.8,23.3,23.6,23.6,22.6,21.2,19.7,18.3,16.7,15.9,15,14.7,23.6,17.9,12.6,0.25,-2.64,-0.31,1578.5,4.6,0.5,-1.22,0.38,3183,-11.5,0.24,4.06,7.74,5840,7.7,28.2,10230,35,0
1.8,1.5,1,0.8,1.1,1.2,0.9,1.1,1.7,1.9,2.4,3.1,3.3,2.8,2.7,1.8,2.1,2,2.5,2.5,2,1.7,1.5,1.8,3.3,1.9,20.3,20.5,20.6,20.4,20.3,20.2,20.1,20.1,20.3,21.6,22.6,23.7,24.5,24.7,25.6,24.6,23.4,23.2,22.8,22,21.3,20.9,20.6,20.6,25.6,21.9,13.4,0.73,2.93,3.02,1548,6.6,0.23,5.69,3.99,3157,-8.2,0.05,13.65,7.1,5845,11.85,38.55,10180,-35,0
2.1,2.2,2,2.1,2.6,2.8,3.2,3.1,3.5,3.5,2.7,2.2,2.2,2.2,2.2,2.1,1.8,2.1,1.4,1.2,1.2,0.5,1.1,1.4,3.5,2.1,21.4,21.2,20.4,19.5,19.1,18.7,18.3,19.2,20.2,21.6,23.2,24.1,24.4,25.3,26.1,26.4,26.7,26.6,25.8,24.7,23.4,21.6,20.9,20.4,26.7,22.5,14.4,0.8,2.79,-1.71,1552.5,6,0.31,6.08,-4.02,3171.5,-12.4,0.25,5.52,-4.63,5835,17.75,50.15,10180,60,0
2.1,2.8,3.8,2.2,1.6,1.3,1.8,1.7,2,3.8,5.5,5.8,5.5,5.1,4.5,4.8,4.7,3.8,2.5,2.7,3.1,1.7,1.3,0.5,5.8,3.1,16.8,17.4,18.1,17.9,17.6,17.3,17.2,16.7,17.9,20.5,22.4,23,24.2,24.4,24.4,24.2,23.8,23.2,22.4,21.8,21.2,20.3,19.6,18.7,24.4,20.5,8.6,0.98,10.9,8.61,1505,5,0.23,14.8,-0.91,3097.5,-11.5,0.05,24.72,-2.25,5760,10.35,39.85,10175,-50,0
3.2,2.7,3.2,2.8,3,3.6,4.2,4.2,4.7,5.6,4.9,4.8,5,4.9,4.9,4.9,4.3,3.8,2.3,1.5,1.2,0.8,1.5,2.5,5.6,3.5,10.5,9.8,9.3,8.9,8.6,8.2,7.7,7.6,8.4,9.6,11.1,12.3,13.5,14.3,15.1,15.5,15.4,14.6,13.2,11.7,10.5,9.6,8.9,8.2,15.5,10.9,7,0.58,6.64,-6.23,1517.5,-1.45,0.44,14.83,-12.44,3090,-12.5,0.22,29.59,-12.49,5720,-6.45,28,10200,50,0
0.1,0.2,0.6,0.8,1.2,0.8,0.8,1.9,1.7,1.7,1.3,1.5,1.3,1.3,1.8,1.8,2.1,1.6,0.4,0.4,0.1,0.4,0.5,0.1,2.1,1,25.4,25,24.8,24.4,24.3,24.2,24.1,25,26.1,27.7,29.3,30.6,31.6,32,32.2,32.2,31.6,30.4,28.9,27.7,26.8,26.8,26.4,26,32.2,27.6,17.8,0.87,-6.87,-2.17,1486,9.4,0.82,-4.91,-1.2,3127.5,-4.9,0.43,0.44,-1.22,5855,35.3,43.2,10075,-20,0
0.8,1.4,1.7,1,0.9,1.1,1.3,1,2.1,2.5,1.9,2.1,2.1,2,2,4.2,2.8,3.4,2.4,4.2,3.3,4.1,2.9,3.2,4.2,2.3,21.8,21.6,21.9,22.1,22.2,22.3,22.4,22.6,22.9,22.8,20.7,21.3,22.2,22.1,22.1,21.2,20.8,20.9,20.9,20.9,21.5,22.3,22.7,23.4,23.4,21.9,13.9,0.86,2.38,5.53,1553.5,5.5,0.47,5.95,5.34,3167.5,-12,0.72,15.33,8.13,5830,27.4,49.4,10175,0,7.85
1.5,1.7,2.1,1.6,1.6,2.2,2.5,3.3,2.9,2.2,2.5,1.9,2.4,2.8,3.2,2.9,2.6,2.4,2.6,2.5,2.7,2.2,2.5,2.6,3.3,2.4,8.3,8.1,8,7.9,7.8,7.8,7.8,7.7,7.7,7.9,8.1,7.8,7.6,7.6,7.8,8,7.5,7.2,7.4,7.9,8.1,8.2,8.2,8.5,8.5,7.9,11.8,0.46,3.87,4.44,1552.5,4.8,0.55,6.21,5.21,3158,-13.7,0.71,14.97,7.92,5815,7,28.7,10245,20,0
0.2,0.1,0.4,0.4,0.5,0.7,1.3,1.4,2.1,2.4,2.1,1.6,0.4,1.9,2.1,2.9,3.1,3.4,3.1,2.4,1.7,0.8,0.4,0.6,3.4,1.5,20.6,20.3,20.2,20.4,20.8,21,21.7,23.2,25.2,26.9,28,29.1,29.6,30.4,30.8,30.7,29.3,29,27.7,27.1,26.6,26.3,26,25.4,30.8,25.7,18.5,0.24,-0.7,0.7,1532,7,0.33,6.25,4.54,3161,-7.9,0.42,11.01,3.46,5860,9.9,32.3,10140,5,0
3.7,3.2,3.8,5.1,6,7,6.3,6.4,6.3,5.4,6.1,6.4,6.1,5.8,6.2,6.2,5.5,4.8,5.5,6.1,5,3.1,2.2,1.6,7,5.2,15.6,15.6,15.5,15.8,14.7,12,10.4,9,8.1,8.4,8.8,8.8,8.7,8.6,8.3,8.2,7.8,7.7,7.4,7.3,7.3,7.1,6.6,5.7,15.8,9.7,12.6,0.98,0.48,7.46,1413,4.6,0.53,13.36,15.34,3027.5,-11.8,0.84,6.86,25.6,5695,26.75,48.45,10040,-80,0.18
0.8,0.5,0.7,1.1,1.1,1.1,1.5,2.1,1.9,1.8,1.9,2.1,2.1,2.4,2.5,2.8,2.4,2.5,2.3,1.7,1.3,1.2,1,0.7,2.8,1.6,26.1,25.6,25.2,25.4,24.9,24.7,25.2,26.4,27.8,29.2,30.1,30.8,31.2,31.8,32,32,31.9,31.4,30.7,29.2,28.3,27.7,26.9,26.2,32,28.4,17.5,0.76,0.92,-3.64,1524,10.8,0.1,1.11,-4.26,3160,-6.6,0.13,6.13,-7.89,5875,7.65,43.75,10115,10,0
1.1,0.3,0.5,0.2,0.2,0.2,0.1,0.3,1,1,0.8,0.3,1,1.3,0.8,1.1,1.1,2.2,2,1.7,1.7,1.5,1.3,1.7,2.2,1,25.1,24.6,24.2,23.8,23.6,23.4,24,26.5,28.1,29.3,30.1,31.1,32,32.5,32.9,33.2,33.4,32.9,31.6,29.8,28.8,27.8,27.1,26.4,33.4,28.4,18.3,0.6,-3.45,0.83,1602,9,0.38,-4.55,-0.31,3237,-8.2,0.14,-6.61,-4.88,5940,23.5,44.7,10205,30,0
0.3,0.4,0.4,0.7,0.7,0.6,0.8,1.3,2.1,2.1,2.8,3.1,2.8,2.8,3.1,2.6,2.6,2.2,0.4,0.3,0.5,1,0.2,0.1,3.1,1.4,15.4,15,14.5,14.2,13.5,13.4,13.1,15.4,18.8,21.3,23.4,24.3,25,25.4,25.9,26.2,26.1,25.6,22.6,20.4,19.1,18.9,17.7,16.9,26.2,19.7,15.2,0.06,-2.58,-5.8,1522.5,5.4,0.34,0.53,-6.06,3140,-10.3,0.04,6.46,-4.17,5820,-9.8,14.5,10155,-30,0
1.8,1.3,1.4,1.4,1.5,1.5,1.4,2,2.2,2.1,2.1,1.8,1.5,1.2,0.7,0.6,1.5,1.9,1.9,1.2,1,1.7,1.2,2.1,2.2,1.6,9.5,9.5,9.4,9.4,9.2,9.1,8.9,8.8,8.6,8.6,8.7,9.2,9.4,10.2,10.9,11.3,11.8,11.8,11.2,10.8,10.3,10.4,11.1,11.3,11.8,10,5.9,0.92,1.67,1.57,1458.5,-1.05,0.45,2.17,1.64,3034.5,-19.3,0.57,10.34,9.98,5630,20.3,49.1,10140,0,0
1.3,1.1,1.2,1.2,1.4,1.2,0.4,0.3,2.1,2.3,2.4,2.5,2.5,2.9,3,3.1,2.7,2.3,2.6,2.6,2,1.7,0.7,0.4,3.1,1.8,14.9,14.4,13.9,13.9,14,14.6,14.2,13.6,15.8,16.8,17.9,19.1,19.9,20.7,20.6,20.8,20.4,19.6,18.1,17.8,17.7,17.7,17.8,17.7,20.8,17.2,5.8,0.81,11.7,10.82,1504,3.8,0.05,10.18,6.91,3088,-16.6,0.13,7.54,3.14,5720,-10.85,41.75,10165,-80,0.66
2.6,2.7,2.2,1.4,1.6,1.9,2.6,3.5,4.2,4.5,3.8,3.8,3,2.7,2.1,2.4,2.1,1.6,1.6,3.5,2.9,2.5,2.9,2.3,4.5,2.7,28.1,27.6,27.2,26.9,26.9,26.6,26.8,27.8,29.2,30.4,31.3,32.2,33.3,34.2,35.1,35.6,35.3,34.9,33.6,32.2,30.9,29.9,28.9,28.1,35.6,30.5,20.1,0.66,2.01,0.68,1529.5,11.3,0.47,-1.34,-1.14,3182,-5,0.26,-1.52,-4.53,5910,27.7,43.7,10110,-30,0
6.9,6.7,5,6.3,6.4,7.4,7.2,7.5,7,2.5,3.4,3.8,3.9,3.3,4,3.3,4.2,4,4.4,3.7,4.2,4.6,4.2,4.2,7.5,4.9,25.6,26,26.1,26.4,26.3,26.1,25.9,25.9,26.1,26.6,27.6,27.4,28.6,28.6,28.4,27.6,26.9,26.5,26.8,26.9,26.9,26.6,26.4,26.3,28.6,26.8,18.4,0.9,-15.31,13.89,1481,9.3,0.97,-6.19,13.28,3126,-4.3,0.77,-5.29,9.69,5855,38.9,43.6,10080,-15,12.22
0.8,0.8,0.8,0.4,0.7,0.7,0.9,1.4,2.7,2.3,1.8,2.2,1.8,1.6,2.3,2.4,2.1,1.6,1,0.6,0.9,0.7,0.8,1.4,2.7,1.4,22,21.8,21,20.3,20.1,19.9,20.3,21.4,23.6,25.8,27.3,28.4,29.3,30,30.4,30.8,30.8,30.5,29.2,27.4,26.8,25.8,24.8,24.3,30.8,25.5,17.1,0.5,1.61,-1.68,1526.5,7.2,0.83,3.31,-0.71,3159,-6.8,0.09,0.41,-2.73,5870,27.75,37.3,10125,15,0
0.1,0.4,0.1,0.3,0.4,0.4,0.9,1.3,0.7,0.5,0.9,1,1.8,2,2.3,2.8,3,3.4,2.3,1.9,2,1.3,1.4,1,3.4,1.3,20.9,20.3,20,19.6,19.6,19.7,20.6,22.4,24.2,25.4,26.7,27.7,28.2,28.6,29.3,29.4,29.6,28.8,27.7,26.1,24.9,23.6,22.6,21.5,29.6,24.5,14.3,0.62,-2.38,-1.02,1580,4.8,0.16,-3.85,0,3191,-10.7,0.02,-3.81,-0.33,5855,9.9,42.6,10205,5,0
0.3,0.5,0.1,0.2,0.3,1,0.4,0.9,1.5,1.7,1.5,0.3,0.8,0.8,0.4,2.7,2.8,2.1,1.5,1.4,1.5,2.1,2.7,2.5,2.8,1.3,26,26.1,26,26.2,26.3,26.2,25.4,25.9,27.7,29.3,30.7,31.6,32.3,32.9,33.6,32,28.5,27.8,28.1,27.3,27.1,26.8,26.2,25.7,33.6,28.2,18.2,0.86,-1.79,-3.86,1523,9.2,0.78,-0.02,-3.27,3164,-6.8,0.72,1.63,-8.39,5885,37.05,47.6,10105,-35,0
0.8,0.3,0,0.3,1.3,1.1,0.7,1.2,1.3,2.1,2.2,2.1,1.9,1.7,2.9,1.6,1,0.6,1.5,1.2,1.3,0.6,0.8,0.4,2.9,1.2,26.6,26.7,26.6,26.4,26.6,26.3,26.1,26.6,27.4,27.9,28.6,29.2,28.8,28.7,27.2,23.9,23.9,24.7,25.1,25,24.9,25.3,25.7,25.7,29.2,26.4,16.6,0.87,0.01,6.25,1578.5,7.6,0.52,0.43,4.35,3208.5,-7.9,0.74,7.28,4.2,5900,29.95,46.85,10180,0,0.43
0.1,0.2,0.6,0.4,0.6,0.7,1.1,2.1,1.7,1.1,0.8,1.1,0.5,0.7,2.1,1.3,1.2,1.3,1.6,1.3,1.4,0.9,1.2,0.7,2.1,1,18.4,18.1,18.4,18.7,18.3,17.4,17.3,20.1,23.2,25.1,26.8,27.5,28.4,29,29.4,29.9,29.8,29.8,28.8,26.5,24.7,23.5,22.8,21.7,29.9,23.9,16.9,0.56,5.06,2.72,1503,6.2,0.37,6.71,-3.83,3130,-10.4,0.07,10,-1.96,5795,21.7,45.1,10115,10,0
2.9,2.5,2.3,2.5,2.8,3.1,2.8,2.8,3.8,4.7,4.9,5.5,6.1,5.6,5.5,3.8,1.7,3.7,3.8,3.4,2.6,2.6,3.2,2.9,6.1,3.6,22.1,22,22,22.1,21.9,22.3,22.4,22.7,23.5,24.6,25,25.8,25.4,25.7,25.1,21,21.6,23,23.2,22.6,22.2,22.1,22.2,22,25.8,23,12.4,0.76,2.55,7,1501,5,0.19,3.02,0.97,3105,-12.8,0.16,5.98,1.05,5770,12.9,46.2,10125,-25,0.89
2.8,2.3,2.2,2.2,2.1,1.8,1.8,2.2,2.5,3.4,4.1,3.9,4.3,4.5,4.5,4,4.1,3.3,0.5,5.6,5.5,4.5,4.3,4.6,5.6,3.4,22.4,21.9,21.8,21.9,21.6,21.3,21.4,21.8,22.5,24.4,26.1,26.9,27.8,28.1,28.4,27.6,26.2,25.2,23.7,18.7,14.6,12.7,12.3,12.2,28.4,22.1,13.9,0.75,8.72,11.44,1507,7.7,0.24,8.72,13.19,3124,-7.1,0.15,17.6,13.42,5825,8.55,37.65,10120,-25,1.04
0.3,0.2,0.1,1,0.4,1,1.2,1.7,2.3,3.5,4,4.1,4.3,4.5,4.9,4.7,5.2,4.9,4.4,4.6,3.6,2.8,3.4,3.6,5.2,2.9,-1.8,-2.1,-2.6,-2.1,-2.7,-2.3,-1.4,-1.1,0.5,3.6,6.7,9.2,10.6,11.1,11,10.8,10.3,10,9,8.4,8.4,8.7,8.7,8.8,11.1,5,-0.25,0.06,2.07,-4.98,1529,-0.35,0.03,11.38,-10.8,3091,-16.4,0.2,21.23,-13.94,5700,-53.1,0.8,10295,25,0
0.9,0.4,0.1,0.4,0.5,0.7,0.6,1,1.5,1.6,1.7,2.1,2.3,3,2.2,2,2.1,1.9,1.8,0.8,0.1,0.3,0.1,0.5,3,1.2,21.4,20.4,19.7,18.9,18.7,18.4,18.4,20.3,22.8,24.6,25.8,26.7,27.6,28.3,28.9,29.4,29.4,28.9,27.4,25.1,22.8,22.6,21.9,21.4,29.4,23.8,18.1,0.05,-0.92,-4.69,1522.5,8.2,0.08,0.74,-4.09,3150.5,-7.6,0.09,0.57,-2.11,5850,-28.2,11.9,10140,5,0
3.2,3.1,3,2.9,2.6,2.5,2.2,1.8,2.1,2.6,2.2,2,2.7,2.2,2.2,2.4,3.4,3.1,2.8,3.1,1.7,2,2.2,1.4,3.4,2.5,10.3,10.1,9.9,9.8,9.7,9.9,9.8,9.8,10.2,10.4,10.5,10.7,10.9,10.9,11.3,11.3,10.9,9.8,9.5,9.2,9.3,9.8,9.6,9.7,11.3,10.1,12.6,0.98,9.36,5.84,1494.5,5.9,0.42,11,6.35,3105.5,-12.4,0.12,16.93,1.35,5765,24.35,49.75,10140,-15,0.36
1.1,1,0.8,0.3,0.4,0.6,0.8,0.8,1.5,1.4,0.8,1.3,1.2,1.8,2.2,2.2,1.7,0.9,0.6,0.1,0.3,0.2,0.2,0.4,2.2,0.9,9.5,9.4,9.1,7.9,7.8,8.1,7.8,7.8,10.1,12.1,14,14.9,15.8,16.7,17,17.2,16.8,14.9,13.2,11.9,10.9,10.2,9.5,8.9,17.2,11.7,8.7,0.05,3.69,2.09,1540,6.3,0.33,15.88,2.39,3145,-10.3,0.19,22.11,8.14,5815,-21.3,3.5,10235,-5,0
1.2,0.7,0.3,0.1,0.3,0.4,0.6,1.1,1.9,2.4,5.1,5.3,5.1,4.4,4.6,4.6,4.5,3.5,3.4,3,2.5,2.1,2.5,1.6,5.3,2.6,7.3,7.2,5.8,4.9,4.6,4.2,4.4,6.1,8.6,12.8,15.9,16.8,17.3,16.6,16.3,16.2,15.9,15.4,15.1,15,15,14.8,15.2,15.2,17.3,11.9,5,0.15,2.02,-0.59,1510.5,1.4,0.17,10.11,-2.63,3083,-16,0.24,15.8,2.1,5710,-17.5,19,10210,15,0
1,1.3,1,1.3,1.1,1.2,1.5,1.8,2.5,2.7,1.9,2,1.5,2,1.4,3.2,2.2,0.8,1.7,1.1,0.9,1,1.1,0.9,3.2,1.5,26.4,26.1,25.8,25.6,25.6,25.8,26.5,28.3,29.2,30.4,31.4,31.9,32,31.5,28.6,28.5,23.7,25.4,26.9,26.3,25.9,25.9,25.9,26.1,32,27.5,18,0.68,2.01,5.8,1572.5,8.8,0.55,1.47,5.48,3209,-7.6,0.37,3.6,5.65,5915,28.95,45.05,10165,15,0
1.4,1,1.3,2,2.7,2.5,1.5,2.3,3.3,3.8,3.5,2.4,2.6,2,2.1,3.3,4.1,3.8,2.6,2.8,2.5,2.2,2.2,1.6,4.1,2.5,9.3,8.2,7.8,7.4,7.4,7.1,6.6,6.9,8.8,10.9,12.4,13.8,14.8,16.2,17.1,17.6,17,14.4,13.7,13.2,12.6,12.2,11.4,10.6,17.6,11.6,7.5,0.46,-6.46,-3.05,1507,-1.5,0.75,8.35,-2.47,3079,-15.5,0.18,20.63,10.95,5700,16.4,35.5,10200,25,0
1.3,0.6,0.2,0.3,0.3,0.1,0.4,0.4,0.8,1.4,3.1,4.7,4.7,4.6,4.7,4.8,4.2,4,3.4,2.7,2.3,2.4,2,3,4.8,2.4,13.9,12.7,11.3,10.1,9.4,9.1,8.8,8.8,11.8,15.1,19.3,21.8,23.1,23.7,24.2,24.1,23.2,21.5,20.2,19.3,18.6,17.8,17.3,17.4,24.2,16.8,16.9,0.09,-1.07,8.74,1609,7.3,0.08,-1.07,10.16,3233.5,-12.3,0.05,1.38,3.93,5900,-15.9,26.4,10270,10,0
2.1,3.1,3.3,3,2.3,2.5,1.5,0.6,1.8,1.6,1.7,2.3,2.9,3.5,3.7,3.5,3.9,4,3.3,3.3,2.5,2.9,2.2,2.4,4,2.7,19.7,20,20.2,20.2,20.3,20.6,20.7,20.8,21.1,21.9,22.8,22.7,23.4,23.9,23.8,23.9,23.4,22.6,21.8,21.2,20.6,20.2,20.2,20.2,23.9,21.5,17.6,0.16,6.37,7.04,1546.5,6.5,0.23,9.76,0.27,3171.5,-13.4,0.57,16.45,2.9,5830,5.1,37,10175,10,0
1.1,0.5,0.8,1.4,0.5,0.7,1,0.8,1.9,2.4,2.2,1.7,0.8,1.1,3.7,2.8,3,2.1,2.1,2.6,2.7,1.9,1.9,1.5,3.7,1.7,22.2,22.4,22,22.2,22.5,22.5,22.8,23.1,24.6,26.3,27,27.2,27.1,27.7,25.7,25.6,25.2,23.9,23.7,23,22.2,21.9,21.9,22.1,27.7,23.9,13.4,0.82,1.31,7.23,1535.5,6,0.5,3.37,5.41,3145,-10,0.46,10.44,7.58,5825,24.3,43.8,10155,-20,0.23
0.1,0.3,0.1,0.2,0.3,0.8,1.7,1.9,2.9,4.1,4.9,4.9,4.6,5.1,5.1,5.2,5.3,4.5,4.3,4.2,3.4,3,3.4,3,5.3,3,16.8,15.9,15.6,15.1,15.2,15.6,17.1,19.6,22.7,24.7,25.6,26.2,26.9,26.9,27.1,26.8,26.6,26.2,25.3,24.6,24.2,24.1,24,23.8,27.1,22.4,14.1,0.02,-6.22,4.79,1542.5,6,0.03,0.77,-0.66,3153.5,-10.2,0.28,8.62,-0.27,5835,-45.1,4.1,10185,-10,0
3.7,3.4,3.6,3.6,3.6,3.4,3.6,5.2,4.2,4.3,5,4.4,4.6,4.8,4.6,3.6,3.4,2.3,1.5,2,1.5,1.5,0.4,0.3,5.2,3.3,16.4,15.8,15.6,15.4,15.2,14.9,14.4,13.4,12.9,13.8,14.3,14.6,15.6,16.9,17.4,17.8,17.7,16.6,15.2,13.9,12.6,11.9,10.4,9.2,17.8,14.7,14.4,0.62,10.92,7.45,1494.5,6.3,0.62,12.34,18.01,3113,-8.1,0.12,17.76,20.86,5795,18.25,35.4,10115,-30,0
2.8,2.1,2.1,2.4,2.5,3.3,3.2,3.7,3.8,4.6,4.6,4.2,4.6,3.9,4,4,3.9,3.8,4.3,3.9,2.9,2.5,2.6,3.1,4.6,3.5,19.5,19.6,19.6,19.9,20.2,20.2,20.1,20.1,20.4,21.3,22.1,22.2,22.9,22.4,21.4,20.7,20.4,20.2,20.2,20.2,20.1,20.6,20.8,21.1,22.9,20.7,11.1,0.93,2.15,9.34,1541,3.2,0.62,6.31,14.32,3141,-10.3,0.04,8.08,5.71,5810,24.8,41.75,10180,-35,0.43
0.2,0.2,0.2,0.3,0.4,1.2,2.1,2,2.7,2.6,2.4,1.8,3,2.7,2.7,2.8,3.5,3.8,3.2,2.6,2.8,2.8,2.1,2.1,3.8,2.1,18.3,17.7,17.6,17.6,17.2,17.4,18.1,18.8,19.7,20.9,21.2,21,20.2,21.3,21.3,21.3,21.2,20.9,20.6,20.2,19.8,19.8,19.7,19.3,21.3,19.6,12.8,0.9,3.93,-0.43,1524.5,5.2,0.5,8.69,-0.08,3136.5,-14.1,0.51,16.11,-3.8,5795,26.7,52.25,10155,-15,0
2.9,3.7,3.2,2.7,3,2.7,1.9,2.5,3.9,5.2,4.9,5.4,5.6,5.5,5.3,5.7,5.1,4.2,3.8,2.9,2.5,3,3.8,3.8,5.7,3.9,22.8,22.6,22.5,22.3,22.1,21.5,21.2,21.4,22.2,23.4,24.4,25.2,26.2,26.4,26.3,26,25.2,24.3,23.1,22.5,22.6,23.2,23.2,23,26.4,23.5,14.9,0.73,3.81,9.85,1527.5,10.4,0.09,9.15,13.07,3152,-8.3,0.16,16.13,13.48,5855,4.15,41.45,10145,15,0
2.5,1.5,0.6,1.9,2.8,3.4,3,2.9,3.3,4,3.8,3.3,3.3,3.4,3.9,3.7,3,2.5,1.4,0.8,0.1,0.4,0.8,0.4,4,2.4,7,6.4,5.8,6.1,5.9,5.3,4.7,4.6,6.1,7.6,9.4,11.2,12.7,13.6,14.4,15,15.2,14.9,14,12.5,10.4,8.8,8.3,8.2,15.2,9.5,2.2,0.93,2.71,-7.32,1425,-3.6,0.72,4.72,-4.95,2974.5,-19.5,0.51,8.21,-6.95,5560,18.5,42.35,10130,75,0
0.8,0.8,1.2,1.1,0.9,0.9,0.9,1.5,2.2,2.2,1,1.4,0.8,0.8,1.7,2.8,2.1,1.7,2.2,3,2.4,0.6,1.1,0.5,3,1.5,25.3,25.2,24.9,24.9,24.7,24.6,24.9,26.3,27.8,28.9,30.5,31.8,32.7,33.6,34.2,34.3,34.4,33.2,32.2,29.6,27.7,26.7,26.3,26,34.4,28.8,18.9,0.83,-2.39,-3.58,1560.5,10,0.64,-2.58,-2.6,3203.5,-5.8,0.33,-5.52,-7.69,5915,33.8,46.5,10145,-30,0
1.2,1,1,0.8,0.6,0.5,0.9,0.8,1.7,2.3,1.7,1.4,2.1,2.1,2.1,2.2,2.5,1.8,0.9,1.3,1.7,0.8,0.8,0.6,2.5,1.4,5,4.3,3.6,2.9,2.3,1.7,1.7,1.7,2.9,4.7,7.1,9.6,11.5,12.6,13.2,13.7,13.7,12.6,10.8,9.3,8.6,8.1,6.9,6.2,13.7,7.3,3.3,0.58,2.95,-5.67,1529.5,-2.4,0.18,13.6,2.49,3087,-14.9,0.05,28.87,19.64,5700,-10.05,28.85,10255,85,0
2,2.1,2.1,1.8,1.5,1.5,1.9,2.1,2.7,3.3,4.3,5.3,5.6,5,4.6,4.9,4.6,4.3,4.2,3,2.6,3.5,4.2,4.3,5.6,3.4,19.4,19.4,19.3,19.3,19.5,19.9,20,20.2,20.9,21.9,24.2,24.7,24.7,24.5,24.6,24.2,24.3,24.1,23.5,23.3,23.1,23.1,22.8,23,24.7,22.2,12.9,0.87,-0.2,5.37,1513,4.4,0.85,8.66,1.92,3122.5,-12.7,0.39,13.79,-1.66,5775,34.2,49.15,10150,-5,0
1.7,1.2,1.1,0.9,0.1,0.2,0.3,0.7,1.3,1.8,1.3,1.1,1.8,3.5,1.6,3,3.5,4.1,3.5,3,2.6,2.4,2,0.8,4.1,1.8,27.5,27.1,26.6,26.3,26.1,25.8,26.6,29.4,30.1,31.4,33.4,33.5,33.9,30.2,28.9,34.2,34.2,33.3,32,30.2,29.1,28.4,27.9,27.3,34.2,29.7,18.2,0.72,1.67,3.14,1567,8.8,0.66,-1.47,0.53,3205.5,-6.6,0.59,-1.37,2.77,5910,31.6,44.35,10160,-5,0
1.1,0.6,0.6,0.3,1,0.9,1.3,1.6,2,4.8,4.5,4.6,4.2,4.7,4.6,4.5,5,4.7,3.8,3.1,2.8,1.9,1.8,2.5,5,2.8,9.9,8.5,8,7.3,7.6,7.7,8.1,9.2,13.6,17.9,19.5,20.6,20.9,20.8,20.9,20.8,20.4,19.8,18.3,17.3,16.6,16.2,16.1,16.1,20.9,15.1,6.8,0.15,0.54,2.41,1560,0.75,0.15,2.23,-2.04,3137.5,-12.8,0.02,6.14,-1.96,5785,-18.1,16.2,10260,-55,0
0.2,0.1,0.2,0.2,0.5,0.2,0.1,0.4,0.7,1.8,2,2.5,3.5,3.8,3.8,3.9,3.5,3,3,2.7,2.3,2.1,1.8,1,3.9,1.8,6,5.3,4.6,4.2,3.7,4.1,4.2,4.3,7.4,10.9,14,16.4,17.8,18.3,18.6,18.6,17.6,16.5,15.8,15.3,14.4,14.1,13.8,13.9,18.6,11.7,10.8,0.12,-2.9,0.91,1578,4.6,0.04,3.27,-0.43,3174,-15.3,0.03,9.5,-0.64,5810,-26.6,25.7,10265,25,0
1.4,2,1.7,1.9,1.5,1.2,1.4,1.5,1.9,3,3.2,3.4,2.8,1.9,0.5,1,1.7,1.8,1.7,1.5,1.3,0.8,0.3,0.4,3.4,1.7,11.1,10.5,9.7,8.8,8,7.3,6.7,6.6,8.8,11.4,13.4,15.1,15.9,16.3,17.3,17.8,17.7,16.6,14.6,13.2,11.8,11.3,10.2,8.5,17.8,12,5,0.53,1.59,-9.79,1456.5,-0.15,0.23,10.36,-14.64,3027,-15.7,0.33,23.44,-12.31,5650,-3.2,30,10130,35,0
2.1,2.2,2.4,2.2,2.5,2,1.7,0.9,2.5,2.8,2.2,2.1,1.8,0.8,1.2,0.2,1.1,1.7,1.3,1.3,0.7,0.9,1.1,0.9,2.8,1.6,3.1,2.3,1.7,0.8,-0.1,-0.8,-1.3,-1.5,-0.8,0.3,1.8,3.8,5.5,7.1,8.3,9.4,9.8,9.3,7.6,6.3,4.9,4.3,4.1,3.5,9.8,3.7,-3.4,0.48,8.39,-12.54,1494.5,-4.6,0.38,15.71,-6.52,3027,-17.6,0.03,24.11,7.29,5605,-26,10,10240,125,0
1.9,2.3,2.3,1.7,2.1,2.9,2.2,3.3,4.6,4.7,6.1,5.9,5.4,5.3,5.6,6.3,5.9,5.3,4.9,4.2,4.3,4.7,4.3,3.5,6.3,4.2,21.9,22.3,22.3,22.7,22.9,23.1,23.5,23.9,24.6,24.9,25.2,25.5,25.4,25.2,25.4,25.5,25.2,24.7,24.2,23.8,23.7,23.7,23.6,23.9,25.5,24,15.5,0.47,-0.04,3.94,1544,5.7,0.55,6.1,2.61,3164.5,-13.4,0.18,7.86,-2.31,5825,24.25,46.3,10170,20,0
2.5,2,2.8,2.8,2.7,2.4,2.5,3,3.4,3.7,3.8,4.1,4.3,4.2,4.3,4.7,4.3,4.2,3,2.9,3.4,3.1,2.9,3.7,4.7,3.4,21.6,21.3,21.1,21,20.7,20.7,20.9,21.3,21.9,23,24.1,25.3,26.6,26.8,27.5,27.1,26.7,24.6,22.2,21.3,21.3,21.5,21.7,22,27.5,23,12.5,0.88,7.6,12.81,1510.5,6.2,0.11,8.28,8.69,3115.5,-10.2,0.07,19.42,8.19,5800,0.7,43.4,10140,-40,0
3.4,2.9,2.9,2.5,2.3,2.5,2.5,3.1,3.1,3.1,3.2,3.8,3.5,3.8,4.1,4.2,3.8,3,3.2,2.7,2.4,1.7,1.9,1.4,4.2,3,23.6,23.4,23.6,23.6,23.4,23.4,23.4,24.3,24.9,26.4,27.5,28.6,28.9,29.5,29.6,29,28.4,27.8,26.8,25.7,24.8,23.9,23.3,22.9,29.6,25.7,16.4,0.47,2.56,9.11,1517,13.8,0.02,4.31,4.42,3155,-7,0.19,12.15,4.01,5885,-18.7,35.3,10130,-35,0
2.3,3.7,4.8,4.3,4.8,4.6,4.4,4.3,4.2,5.2,4.9,3.9,3.5,3.7,3.1,2.6,1.2,2,3.3,2.7,2.3,1.5,0.5,1.4,5.2,3.3,18.7,19.4,19.9,19.9,19.7,19.5,19.3,19.1,19.8,20.7,21.6,22.6,24.3,25.1,25.8,25.6,26.1,25.8,24.2,22.8,21.8,20.9,20.3,19.9,26.1,21.8,15.2,0.44,10.94,2.51,1489,5.8,0.31,14.61,3.08,3111,-12.8,0.11,22.1,0,5770,14.7,42.5,10120,-65,0
1.6,1.6,1,1.1,1.5,2.6,0.1,1.4,3.6,4.1,5,4.8,6,6.3,7.2,6,5.7,5.5,5.8,4.4,4.5,4.2,4.2,4,7.2,3.8,22.5,22,21.4,21.1,20.9,18.8,18.4,18.9,18.4,17.7,17.3,17.3,17.8,17.9,17.4,17.8,17.8,17.7,16.5,15.6,14.8,14.4,14.4,14.4,22.5,18,14.1,0.83,3.7,11.73,1496,8.2,0.06,9.64,15.18,3109.5,-9.8,0.14,18.96,18.64,5795,2.65,44.95,10105,-25,0.74
2.1,2,2.5,2.3,2,2.3,2.3,2.4,3.1,3.1,2.8,3.3,3.4,3,3,3,3.6,2.3,2,1.6,1.1,1.7,1.4,1.3,3.6,2.4,11.7,11.1,10.5,9.8,9.2,9.2,9.7,10,10.4,10.6,10.8,11,11.2,11.5,11.4,11.2,10.6,10.7,10.8,10.9,11.1,11.2,11.2,11.3,11.7,10.7,11.9,0.39,10.25,-1.68,1521.5,3.9,0.19,12.25,-3.35,3122,-12,0.24,17.27,-2.14,5790,1.3,34.3,10180,15,0
3.2,1.4,2.8,4.2,3.5,4,2.7,2,2.1,3,4.6,4.3,5.1,4.6,4.2,3.7,3.5,2.5,2,1,0.1,0.1,0.2,0.3,5.1,2.7,22.4,21.8,19.9,16.7,16,16.1,16,15.7,16.5,18.1,19.1,20.7,21.7,22.6,23.1,23.4,23.3,22.8,21.4,18.7,16.3,14.1,12.3,11.4,23.4,18.8,15.4,0.77,6.82,20.52,1455.5,6,0.49,9.89,15.61,3076,-10.2,0.12,19.72,18.04,5760,25.3,46.9,10065,-50,0.18
0.3,0.4,0.2,0.6,0.3,0.5,0.8,0.2,1,1.3,0.8,1,1,0.8,2.3,1.8,4.4,3.8,3.4,3.4,3,2.6,1.7,0.8,4.4,1.5,24.7,23.4,22.8,22.9,22.3,22,23.1,25.7,27.8,28.9,30.3,31.6,32.7,33.3,33.8,34.2,32.6,32,31.4,30.1,28.8,28.1,27.6,26.8,34.2,28.2,17.1,0.62,-3.8,2.48,1559,9.2,0.03,-2.78,-1.81,3183.5,-10.5,0.16,-2.11,-7.33,5865,-3.3,47.7,10160,20,0
1.4,1.4,1.5,1.3,1.7,1.6,1.3,1.5,2.1,3.8,5.4,5.7,5.5,6,6.2,6.1,5.7,4.9,4.2,3.5,4.1,4.4,5.9,5.8,6.2,3.8,19.2,18.5,18,17.5,17.1,16.3,16.5,16.4,18.2,21.5,23.2,24.3,24.9,24.9,24.4,23.6,23.2,22.7,21.8,20.6,20.1,20.3,20.9,21.5,24.9,20.7,10.6,0.84,2.83,7.4,1550.5,5.7,0.1,9.79,4.56,3155.5,-14.4,0.11,12.46,0.91,5805,5.55,47.45,10195,-15,0
0.4,0.4,1.1,1.5,1.3,1.6,1.8,2.3,2.7,3.1,4.7,4.8,5,5,4.9,5.2,5.1,4.6,3.7,3.4,2.6,2.9,2.7,2.6,5.2,3.1,11.6,11.3,11.8,11.6,11.4,11.2,11.3,12.1,15,18.1,19.8,20.4,20.6,21.1,21.2,20.7,20.1,19.5,18.9,18.7,18.5,18.5,18.4,18.2,21.2,16.7,10,0.32,-1.93,-0.4,1572.5,3.1,0.33,3.6,-0.68,3164.5,-14.6,0.23,8.45,-0.53,5800,4.6,33.2,10260,15,0
3.9,3.8,4.1,3.9,4.2,4,3.6,3.8,4.5,4.4,3.7,2.5,3.5,3.5,3.3,3.5,2.5,2.4,1.5,1.9,1.3,1.5,1.7,0.7,4.5,3.1,6.1,5.1,3.9,3,2.1,1.3,0.8,0.6,1.1,2.1,3.7,5.6,7.3,8.3,8.9,8.6,8.7,8.8,8.7,8.6,8.6,8.6,8.5,8.5,8.9,5.7,11.3,0.5,7.26,0.02,1533,5.6,0.46,16.36,7.2,3141,-12.7,0.4,21.06,6.67,5795,1.7,31.95,10225,70,0
1.1,1.3,0.8,1.3,1.5,1.5,1.5,1.8,1.6,1.6,2.6,3.7,3.4,3.6,4.3,4.8,4.2,3.9,3.7,3.4,3.7,3.2,2.4,2,4.8,2.6,21.1,20.5,20.1,20.3,20.4,20.9,21.8,23.2,24.9,27.1,28.7,29.7,30.3,30.5,30.9,30.8,30.2,29.3,27.9,26.5,25.4,24.9,24.3,23.9,30.9,25.6,16.6,0.7,1.79,3.39,1561.5,7.3,0.74,5.36,-1.62,3192,-9.5,0.42,14.9,-1.93,5880,31.6,46.1,10175,10,0
0.4,0.5,0.4,0.4,1.3,1.4,0.9,0.8,2,2.1,3.3,4,3.7,4.6,4.4,3.6,3.6,2.2,2.6,2.5,1.7,1.6,1.7,1.3,4.6,2.1,6.6,5.6,5.3,5.1,6,6.7,6.9,7.3,9.7,13,16.1,17.4,17.9,18.1,18.1,17.9,17.7,17.2,16.1,14.1,14.1,14.3,14.3,14.3,18.1,12.5,5.1,0.1,2.43,2.44,1538.5,0.5,0.35,9.7,5.09,3108.5,-17.6,0.17,13.73,7.87,5710,-16.2,13.9,10240,-30,0
0.8,0.4,0.7,1,0.9,0.8,1.2,1.8,2.5,2.1,1.3,1.1,1.9,2.2,1.9,2.6,3.1,2.8,1.7,1.1,1,0.4,1.3,1.6,3.1,1.5,26.6,26.1,26,26,25.8,25.7,26,27.2,28.3,29.4,30.3,31.3,32,32.8,33.4,33.9,33.6,32.9,31.7,30.8,30.2,28.8,28.1,27.7,33.9,29.4,18.4,0.86,-2.1,0.04,1570.5,9.5,0.49,-5.75,-0.87,3210,-6.1,0.29,-6.81,-1.62,5925,30.55,46.65,10155,25,0
2.6,1.9,1.5,2,2,1.9,1.7,1.6,2.1,2.8,3,2,1.2,1.8,0.7,0.9,1.4,1.6,2.4,1.9,2,1.7,1.3,0.8,3,1.8,7.8,6.8,5.8,5.1,4.4,3.5,2.7,2.3,3.9,6.1,7.7,8.8,9.9,10.8,11.7,12.2,12.2,11.8,10.1,8.8,7.8,7.1,6.3,5.5,12.2,7.5,2.3,0.23,5.46,-8.56,1554.5,0.8,0.07,15.11,-7.7,3119.5,-17,0.31,23.09,-14.95,5735,-31.4,19.6,10280,80,0
3.6,4.1,4.1,5.7,5.8,5.8,5.3,5.7,6.7,6.2,7.9,8.2,8.3,8.1,8.9,8.4,7.7,7,6,5.2,5.5,3.9,2.9,3.6,8.9,6,16.8,17.7,17.1,17.2,17.3,17,16.4,15.7,15.2,16.6,17.8,18.8,17.9,17.3,17.8,17.2,16.6,14.8,13.1,11.7,9.8,8.6,7.3,6.4,18.8,15.1,13,0.83,12.84,14.68,1513.5,6.9,0.15,16.94,8.26,3124,-12.5,0.05,23.07,10.24,5790,12.15,48.15,10145,-120,0
1.7,0.8,1.1,1.1,0.1,0.3,0.3,2.1,3.5,3,2.7,2.6,1.7,1.5,0.9,2.1,2.3,2.1,1.9,3.5,2.8,2.1,1.9,1.5,3.5,1.8,27.8,27.1,26.3,26.3,25.8,25.5,26,28.1,29.7,31.7,33.5,35.3,36.8,37.3,38.6,39.5,39.3,38.9,37.4,34.7,32.5,31.3,30.4,29.6,39.5,32.1,21.5,0.64,-3.29,-4.47,1591,9.4,0.7,-4.48,-1.99,3241.5,-5.4,0.17,-4.33,-2.78,5955,35.65,46.4,10165,-15,0
3.3,3.8,3.8,3.7,4.4,4.1,3.8,3.3,3.8,5.1,5.2,5.5,5.4,5.2,5,5.6,5.2,5.9,5.5,5.5,5,5.4,4.8,4.6,5.9,4.7,14.6,13.6,12.7,11.8,10.8,10.1,9.4,9.1,9.9,10.6,11.1,10.9,10.4,10.1,9.8,9.6,9.2,8.7,7.8,7.3,6.4,5.6,5.1,5.4,14.6,9.6,10.9,0.56,13.7,2.97,1424,-0.7,0.53,16.57,5.15,3007,-18.8,0.3,18.14,8.51,5605,24.6,50.9,10055,-45,0
0.9,1.2,0.9,1,1.2,1.3,1.1,2.2,2.4,2.4,2.5,2.5,1.8,2.9,3.5,4,3.8,3.7,2.9,2.1,1.8,1.7,1.5,0.6,4,2.1,26.6,26.4,26.1,25.8,25.7,25.7,26.3,28.2,29.6,30.6,31.6,32.4,32.9,32.8,32.9,33.3,33.2,32.6,31.4,29.8,28.6,28,27.3,26.7,33.3,29.4,19.5,0.51,-0.22,3.82,1572.5,10,0.48,-1.12,2.02,3215,-4.9,0.15,-3.46,2.02,5935,22.9,38.3,10165,0,0
0.6,0.7,0.5,1,1,1.3,0.6,0.7,2.4,1.3,1.5,2.1,2.1,2.4,2.9,2.6,2.5,2.5,2.5,2.5,2.3,1.7,1.3,0.2,2.9,1.6,21.5,21.2,21.6,22,21.9,21.7,21.8,22.6,24.9,27.1,29,30.9,32.2,33.1,33.9,33.9,32.7,31.9,30.1,28,26.3,24.7,23.3,22.1,33.9,26.6,18.7,0.16,6.18,-0.54,1587,12.5,0.21,4.77,-1.72,3231.5,-10.4,0.62,4.71,-2.06,5935,-13.2,27.2,10200,20,0
1.3,1.3,1.1,1.1,1,1,0.8,1.4,3.4,3.5,3.3,3.1,3.9,3.8,4.2,4.7,3.8,3.6,3.2,3.4,3,3,2.7,1.6,4.7,2.6,16.6,16.4,15.7,15.3,15.3,15.4,16,18.8,21.3,22.3,23.3,24.3,24.9,25.4,25.2,24.8,24.3,23,22.1,21.3,20.7,20.6,20.1,19.2,25.4,20.5,14.7,0.03,1.2,3.48,1558.5,5.2,0.12,4.62,-0.91,3171.5,-13.1,0.04,7.81,-7.81,5825,-25.5,14.1,10220,0,0
1.2,0.7,0.7,0.4,0.3,0.2,0.8,0.8,0.6,1.8,1.9,1.6,2.1,2.2,3,4,4.6,4.2,3.4,2.5,2.5,2,1.5,1.2,4.6,1.8,26.4,25.8,25.6,25,24.6,24.4,24.7,26.8,28.8,30.7,31.7,32.9,34.1,35.1,35.2,34.8,34.6,33.7,32.1,30.3,28.9,28.1,27.4,26.8,35.2,29.5,19.5,0.49,-2.46,4.72,1544.5,10.1,0.31,-6.19,4.88,3188,-5,0.11,-3.36,-0.75,5910,17,38,10130,0,0
1.3,1.2,1.6,3.5,3,3.7,1.9,2.4,2.6,2.6,2.2,1.8,1.5,2.1,2.8,3.4,2.6,3.4,2.5,1.7,1.8,1.7,0.6,0.8,3.7,2.2,24.4,24.2,23.9,21.1,19.6,19,18.9,20.3,21.7,23.9,25.6,26.9,28.1,28.9,29,28.9,29.3,28.7,28,26.7,25.6,24.8,23.9,23.3,29.3,24.8,16.2,0.77,6.86,2.13,1517,6.5,0.43,12.2,-1.61,3141,-13.2,0.35,16.5,-9.93,5790,28.5,54.7,10130,10,0.1
1,0.7,1.1,1.2,1.8,1.9,1.7,1.5,1.7,3.5,4.8,4.6,4.4,3.9,4.5,4.6,4.8,3.9,3.3,2.8,2.6,2.5,2,1.2,4.8,2.7,7.4,7.1,7.7,7.7,8.6,8.9,9,9.4,11.9,16.6,19.3,20.3,20.9,21.1,21.1,20.7,20,19.1,18.6,17.8,16.6,16.4,16.2,15.7,21.1,14.9,8.4,0.16,1.8,3.12,1568,2,0.22,4.99,-3.12,3154.5,-15,0.13,5.77,-2.65,5785,-8.7,23.8,10265,-10,0
3.7,4.1,3.7,3.8,3.1,4.1,4.6,4.7,3.9,4.2,5.6,4.7,5,4.9,4.8,4.9,4.8,4.2,3.7,3,1.8,1.2,0.9,1,5.6,3.8,7.4,7.4,7.5,7.6,7.7,7.7,7.7,7.7,7.8,8.1,8.4,8.6,8.4,8.4,8.4,8.3,8.2,8.2,8.5,8.4,8,7.2,6.1,5.4,8.6,7.8,12.2,0.9,4.39,11.76,1521,4.5,0.98,11.39,13,3130.5,-10.4,0.17,18.33,14.1,5785,32.85,43.55,10185,-30,0
0.9,0.6,0.2,0.7,0.5,0.6,0.3,0.8,0.4,1.2,1.4,1.8,1.8,4.5,3.7,3.1,3.4,3.2,2.4,3.1,2.2,1.9,1.1,1,4.5,1.7,26.2,25.5,24.7,24.3,24.2,24.1,24.2,26.1,27.9,29.2,30.2,31.5,32.6,29.2,31.3,32.6,32.9,31.8,30.6,29.8,28.6,27.9,27.2,26.6,32.9,28.3,18.3,0.79,0.7,-1.98,1540,9,0.64,6.08,-0.53,3178.5,-6.4,0.56,5.42,-0.62,5890,32.8,45.7,10125,-10,0
0.2,0.1,0.2,0.4,0.1,0,0.6,1.3,1.6,1.7,1.2,0.8,1.1,0.8,0.8,1.5,3.4,2.5,2.1,1.6,1.2,1.2,0.6,0.4,3.4,1.1,25.2,24.4,24.6,24.6,24.7,24.7,24.9,26.7,28.6,29.5,30.3,31.1,31.8,32.3,32.9,32.8,32,29.8,29.1,28.9,28.6,28.3,27.6,26.7,32.9,28.3,18.7,0.63,0,3.08,1586,9.7,0.56,4.79,0.78,3228.5,-6.4,0.12,0.57,1.43,5935,27.85,42.75,10190,20,0
1.4,1.6,1.1,1.3,0.8,0.8,0.8,1.9,2.3,3,3.7,3.3,3.8,4.1,2.9,3.7,4.6,3.8,0.8,0.4,0.3,0.4,0.5,0.3,4.6,2,7.4,6.6,6.1,5.4,3.7,3,2.6,5,8.2,10.1,11.6,12.9,14.1,15,15.9,16.8,17.2,16.9,15.9,12.7,11.1,10,9.2,8.4,17.2,10.3,0.9,0.11,3.96,-12.53,1529,-7.5,0.39,13.29,-4.95,3070,-19,0.18,32.22,13.18,5615,-22.5,12.8,10255,100,0
0.7,0.8,1.1,1.2,1.5,1.4,1.1,1.6,1.5,2,1.7,1.9,2.2,2.3,2,2.4,2.3,2.5,1.9,4,1.8,1.4,0.6,1.3,4,1.7,24.4,24.6,24.6,24.4,24.3,24.1,24.2,24.6,25.4,26.1,26.7,27.3,29.4,31.1,31.7,32.1,32.3,31.2,28.6,25.8,23.4,23.7,23.7,23.7,32.3,26.6,18,0.85,-4.25,1.14,1544,8.5,0.56,-5.69,2.21,3179,-6.8,0.42,-0.45,4.04,5885,31.4,46.85,10130,0,0
0.5,0.2,0.8,0.5,2.1,0.3,0.7,0.4,2.1,2.8,3.3,2.5,2.5,2.8,2.4,2.1,2.1,2.4,1.4,0.6,0.9,0.9,1.2,0.7,3.3,1.5,11.3,9.6,9.1,8.5,9.7,9.1,8.2,8.3,11.3,14.4,16.7,18.6,19.9,21.4,22.3,22.8,23.3,22.6,20.9,17.8,16,15.9,14.8,12.9,23.3,15.2,10.4,0.6,5.79,-1.76,1535.5,2.3,0.4,11.8,3.42,3131.5,-16.3,0.32,24.45,3.9,5760,9.1,43.4,10210,65,0
2.6,2.4,2.7,2.8,2.9,2.1,2.6,3,3.7,3.2,3.4,3.7,4,3.8,3.6,3.8,3.6,4.3,4.1,3.8,3.5,3,3.8,3.1,4.3,3.3,23.5,23.1,23.5,23.7,23.8,23.8,24.2,25.2,26.7,28,29.4,30.6,31.5,31.8,32.2,31.8,30.5,29.6,27.8,26.1,25.5,24.8,24.7,24.2,32.2,26.9,23.4,0.31,3.15,3.75,1536.5,12.1,0.31,2.97,-2.24,3198,-9.9,0.74,5.48,-4.88,5905,22.7,48.6,10135,-30,0
0.4,0.3,1,0.7,0.6,0.7,0.6,1.1,2.1,1.7,1.6,1.4,1.5,1,2,2.5,2.6,0.6,1.3,2.3,2.5,2.7,3,2,3,1.5,25.7,25.3,25.1,25.1,24.9,24.9,25.3,26.7,28.5,29.5,30.5,31.7,32.9,33.3,33.1,33.2,32.6,31.3,30.4,29.8,27.6,26.5,25.8,24.9,33.3,28.5,17.3,0.72,2.87,-3.13,1539,9.9,0.42,0.18,-4.36,3175.5,-5.3,0.16,5.61,-0.67,5885,22.35,40.15,10130,-15,0.03
0.9,0.9,0.7,0.7,0.6,0.8,0.8,1.4,2.2,1.6,1.2,1.3,2.3,2.4,2.5,2.7,2.3,2.1,1.9,1.4,0.7,0.9,0.2,0.3,2.7,1.4,23.3,22.7,21.8,21.2,20.6,20.3,20,21.2,23.2,24.8,26.3,28.4,29.2,29.7,30.3,30.7,30.1,28.8,27.3,26.4,25.7,25.2,24.2,22.9,30.7,25.2,14.7,0.73,-2.55,-6.17,1515.5,8.9,0.16,-1.14,-2.38,3136.5,-6.7,0.25,0.51,-0.15,5845,8.25,37.95,10120,-25,0
0.4,0.2,0.2,0.1,0.3,0.3,0.3,0.5,0.5,2.1,2.8,2.1,3.3,4.3,3.4,3,1.7,1.1,1.4,0.7,1.6,1.8,1,0.2,4.3,1.4,24.8,24.2,23.8,23.6,23.6,23.4,24.3,26.6,27.6,29.2,30.3,30.9,31.1,28.8,28.5,24.3,23,24.8,25.6,25.6,25.1,24.6,24.2,24.1,31.1,25.9,17.1,0.72,0.72,3.01,1541,7.3,0.69,2.02,2.02,3170.5,-9.1,0.76,4.01,1.29,5855,32.55,47.2,10145,0,0.53
1.2,0.7,0.4,0.3,1.3,1.4,1.1,0.8,1.3,2.5,3.6,3.8,3.3,4,4.7,4.5,4.1,4,3.8,3.7,3.6,3.1,2.7,2.4,4.7,2.6,14.3,14.9,14.8,14.2,14.5,13.8,13.3,13.6,15.2,17.2,19.2,21.1,22.4,23.4,24.1,24.2,24.2,23.4,21.6,19.8,18.5,17.9,17.6,17.1,24.2,18.3,8.8,0.79,-0.71,-2.76,1469,1.85,0.42,0.59,-8.31,3059,-15.7,0.45,5.25,-11.56,5690,11.75,45,10120,-15,0
1.8,1.7,1.4,1.1,0.4,0.8,1.3,2.5,3.1,2.4,2.2,1.5,1.3,1.1,1.2,1.5,1.3,2.5,3.6,3.2,2.2,1.9,2.6,2.9,3.6,1.9,26.8,26.3,26,25.7,25.3,24.8,25.6,27.3,28.4,29.5,30.4,31.2,31.9,32.8,33.3,33.8,34.1,33.1,31.8,30.4,29.4,28.6,27.9,27.3,34.1,29.2,17.8,0.8,1.75,0.31,1545,10.1,0.34,0.34,-1.04,3183.5,-5.6,0.15,-5.93,-4.89,5910,23.2,43.3,10135,-25,0
1.1,1.2,1.6,1.2,1.4,1.6,2.3,1.6,1.7,2.2,2.7,1.6,0.9,0.9,1.3,0.3,0.9,0.8,1.7,1.7,1.4,0.8,0.7,1.4,2.7,1.4,12.3,11.3,10.5,9.6,8.9,8.7,8.6,8.8,10,12.8,15.3,16.4,17.6,18.2,18.3,19.2,19.6,18.8,16.7,15.1,14,13.1,12.4,12.2,19.6,13.7,4.5,0.45,2.62,-0.31,1490,-4.6,0.43,15.88,1.39,3047,-20.8,0.25,26.15,0.88,5625,9.8,40.1,10165,0,0
0.6,0.8,0.4,0.2,0.1,0.4,0.8,0.7,3,2.5,2.1,2.1,2.7,3,3.1,3.1,4,4.6,3.9,3.7,2.9,2,1.7,1.5,4.6,2.1,22.3,21.4,21.4,20.8,21,21.4,22.1,23.2,25.6,27.3,28.8,30,31.2,31.8,32.5,32.9,31.8,30,28.1,26.3,25.2,24.3,23.8,23.4,32.9,26.1,21,0.28,-1.87,2.85,1578,11.3,0.25,1,-2.67,3231,-9.6,0.4,2.46,-9.18,5935,14.1,42.2,10180,0,0
1.9,2.2,2.3,2.4,2.5,2.3,2.9,3,2.5,2.9,3.5,3.8,2.9,3.6,3.8,3.8,3.7,3.6,3.1,2.6,2.8,3,3.1,3.4,3.8,3,23.6,23.7,23.7,23.6,23.6,23.7,24.1,24.6,25.1,26.6,26.8,27.4,28,28.4,29.2,28.8,28.1,26.8,25.9,25.3,25.3,25.2,25.1,24.7,29.2,25.7,15,0.85,1.99,13.89,1526.5,4.7,0.9,7.81,10.57,3144.5,-11,0.57,9.35,3.4,5815,36.9,49.45,10135,-25,0.05
3.6,3,2.3,2.1,2.5,2.1,2.2,3.1,3.7,3.8,4,3.7,3.7,3.1,3.4,3.7,4.3,4.2,3.1,3.6,2.9,2,1.9,0.9,4.3,3,26.2,26,25.7,25.3,25.3,25.2,25.4,26.6,27.2,28.3,29.3,30,30.4,30.3,30.8,30.6,30,29.1,28.1,26.9,26.2,25.9,25.4,25.1,30.8,27.5,18.4,0.54,3.65,10.34,1525.5,11.7,0.17,6.8,4.45,3157.5,-8,0.26,10.41,9.24,5875,5.8,43.3,10125,-15,0
1.3,0.7,0.4,1.1,0.7,0.8,1.3,1.2,0.9,0.2,1.7,2,2.2,1.8,2.2,2.2,3.4,2.9,3,2.2,1.7,1.3,1.6,1.2,3.4,1.6,24.4,24.1,23.6,23.2,23.1,22.9,23.9,25.6,27.2,28.3,29.2,30.1,30.8,31.6,32.1,32.5,31.3,30.4,29.3,27.9,27.2,26.7,26.3,25.8,32.5,27.4,17.4,0.61,-5.3,6.25,1522,7.5,0.61,-3.72,0.98,3151,-5.4,0.19,0.3,-1.77,5850,25.7,38.1,10115,0,0
1.1,0.3,0.1,0.4,0.5,0.7,0.2,1.3,1.3,2.1,3.2,3.2,3.4,3.5,3.8,3.8,3.5,3.6,1.6,0.1,0.1,0,0.3,0.2,3.8,1.6,9.8,8,7.6,6.7,6.7,6.6,7.1,10.6,14.3,17.2,18.5,19.3,19.9,20.3,20.8,21.2,21.1,20.6,19.6,16.3,13.7,12.5,11.9,11.2,21.2,14.2,3.2,0.2,9.33,-8.82,1521.5,-4.7,0.31,19.87,-7.08,3068,-16.6,0.39,41.36,12.23,5660,-16.5,20.6,10210,45,0
2.5,1.9,3,2.2,1.1,0.4,1.2,1.7,2.1,2.5,2.6,2,2.4,2.1,3.4,3.4,2.2,2.5,2.5,3.5,2.6,3,3,1.8,3.5,2.3,22.4,22,21.3,20.7,20.3,19.9,19.9,20.4,20.9,22.3,23.7,24.4,24.9,26.3,25.7,24.3,21.9,19.7,19.4,18.7,17.3,17.3,17,16.8,26.3,21.2,14.7,0.65,4.77,10.65,1492,5.3,0.64,8.33,8.27,3110,-11.9,0.02,18.8,12.29,5775,26.9,46.45,10110,-20,2.06
3.2,3.8,4,3.7,3.7,4.6,4.1,4,4.3,5.1,5.4,5.6,5.5,6.1,6.3,6.1,5.5,6,6.4,6.4,6.2,6.5,5.7,6.3,6.5,5.2,15.9,16.3,16.6,16.7,16.7,16.7,16.7,16.9,17.5,18.3,18.9,18.4,18.4,19.4,19.7,19.2,18.8,18.6,18.4,18.2,18,18.1,18.1,17.9,19.7,17.9,8.8,0.47,-3.03,9.11,1563,0.45,0.88,5.13,3.8,3148,-14.7,0.29,20.34,-2.79,5770,20.15,36.5,10235,-35,0
2.9,2.5,1.9,2.5,2.4,1.7,1.3,0.7,1.2,2.3,2.7,2.5,2.9,2.8,2,1.9,2.4,3.4,2.9,3.1,3.4,2.3,2.2,2.1,3.4,2.3,23.2,23.2,23.2,23.2,23.1,23.2,23.2,23.1,23.8,25.7,26.9,27.8,28.5,29.8,30.5,31.6,31.7,29.9,27.4,25.9,24.6,23.6,22.8,22.3,31.7,25.8,17.5,0.74,3.7,6.76,1483,8.3,0.45,10.15,3.93,3122,-9.4,0.06,20.64,-9.6,5805,27.75,49.15,10085,-15,0
3,2.5,2.4,1.4,1.3,1.4,1.7,1.9,2.1,3.7,3.8,5.6,6.1,5.8,5,4,2.8,2,0.9,0.5,0.1,0.2,0.1,0.2,6.1,2.4,18.9,18.6,18.2,17.7,17.4,17.5,17.7,17.9,18.6,19.7,20.8,22.6,22.8,23.6,24.2,24.8,24.7,23.9,21.2,18.6,17.1,16.1,14.7,13.8,24.8,19.6,9.6,0.86,7.87,9.13,1491.5,4,0.24,15.88,10.03,3090.5,-16.5,0.43,17.04,7.95,5730,12.9,49.9,10130,-35,0
0.8,0.7,0.7,0.1,0.5,0.8,1.5,1.8,2.3,2.5,3.1,3,4.1,3.9,4.5,3.3,3.2,3.4,2.6,2.3,1.9,1.9,2,2.4,4.5,2.2,19.2,19.6,20,20.7,21.3,22.2,22.7,23.2,23.8,24.2,25.4,26.8,27.2,27.6,27.9,27.5,27.1,26.9,25.9,24.8,24.1,24.2,24.3,24,27.9,24.2,16.5,0.87,5.98,9.25,1505.5,7.4,0.4,7.9,6.97,3132.5,-7.7,0.11,20.96,9.62,5835,17.5,46.15,10115,25,0.03
2.5,2.5,2.2,2.3,2.1,1.9,2.1,3.4,3.9,4,3.8,3.9,3.7,4,4,3.9,4.1,3.8,4.2,3.5,3.1,2.7,2.5,2.5,4.2,3.2,27.4,27.4,27.2,27.1,27.1,27,27.4,28.2,29.3,30.4,31.1,31.9,31.9,32.2,32.4,32.4,31.8,30.9,30,29.2,28.7,28.4,28.1,27.7,32.4,29.4,19.8,0.58,6.13,8.1,1533,10.4,0.58,8.77,5.4,3180.5,-7.7,0.66,9.36,1.4,5890,30.8,46.5,10120,0,0
4.8,4.1,4.2,3.6,3.2,4.2,4.6,4,5.3,6.3,6.1,6.6,6.8,7.2,7,6.4,5.9,5.7,6.4,5.8,6,5.9,5.5,5.7,7.2,5.5,20.3,20.1,19.9,19.6,19.6,19.8,19.7,19.9,21.3,23.3,23.9,24.7,24.8,25,24.8,23.9,23.2,22.8,22.2,21.6,21.4,21.1,20.6,20.2,25,21.8,13.3,0.11,0,13.4,1573.5,6.4,0.17,2.35,9.73,3187,-9.3,0.17,10.27,-5.22,5870,-15.6,16.2,10230,25,0
2.2,1.6,2.4,1.8,1.3,0.6,0.5,0.6,1.2,1,0.8,0.5,1.6,1.6,2,1.4,1.4,1.1,2,2,1.4,1.7,1,0.1,2.4,1.3,8.7,7.4,6.6,5.7,4.7,4,3.1,3,5.3,7.4,8.9,10.4,11.6,12.7,13.5,13.9,13.9,12.2,10.3,9.1,8.4,8,7.9,6.7,13.9,8.5,4.9,0.71,2.96,-3.52,1503,1.35,0.51,10.07,-2.08,3080.5,-16.7,0.11,9.62,0.07,5705,9.35,38.3,10210,-25,0
2.9,2.6,2.2,1.7,1.7,0.6,1.3,1.6,0.6,4.4,4.1,4.1,4.1,3,3.4,3.2,2.5,2.2,2.5,3.2,2.8,2.1,1,1,4.4,2.5,25.3,25.6,25.3,25.3,25,25.3,25.8,26.7,27.1,28.1,28.9,29.4,30.9,32.2,32.1,32.6,32.4,31.1,29.5,28.2,26.9,26.2,25.4,24.7,32.6,27.9,16.7,0.7,-0.27,1.53,1529.5,11.1,0.28,-0.59,-0.02,3165,-10.3,0.71,10.3,2.32,5865,21.15,48.45,10130,-5,0.1
0.8,0.8,0.4,0.3,0.7,0.4,1.2,1.4,1.3,1.3,1.7,2.1,1.6,1.8,1.3,1.5,2,1.9,1.5,1.1,1.1,0.7,0.8,0.8,2.1,1.2,15.9,15.9,15.2,14.3,14,13.7,13.9,14.5,15.4,17.2,20.9,23.4,24.6,24.9,25,25.4,23.8,22.1,20.7,19.7,19.1,19.1,18.6,18.2,25.4,19,13.8,0.48,2.33,4.04,1565.5,5.7,0.02,1.28,-0.53,3172.5,-10.4,0.04,-5.02,-9.17,5845,-18.1,35.3,10215,-15,0
3.3,1.8,1.9,1.2,0.8,0.8,0.7,0.8,1.9,3,2.2,1.6,1.5,0.7,1.4,2,1.7,1,1.3,1.7,1.8,1.5,1.3,1.2,3.3,1.5,10.3,9.4,8.8,8.2,7.2,6.6,6,6.1,7.8,9.4,11.3,13.2,14.8,16.3,17.6,17.9,17.6,16.2,14.4,13.5,12.3,11.9,11.8,11.2,17.9,11.7,11.9,0.55,8.83,4.55,1540,5.2,0.44,16.77,3.76,3153,-11.5,0.04,26.2,2.25,5815,-0.75,34.75,10205,15,0
2.2,1.3,1.8,1.8,1.7,1.7,1.4,3.2,4.8,5.3,4.5,5.1,4.5,4.3,4.1,3.7,3.7,3.9,4.2,4,3.9,2.4,2.4,3.2,5.3,3.3,23.6,23.6,23.7,23.3,22.8,22.5,23.2,24.8,26.2,27.2,28.7,29.8,30.3,30.7,30.9,30.9,30.4,29.1,27.3,26.1,25.8,25.5,25.3,25.1,30.9,26.5,21.6,0.27,8.15,3.63,1529,10.9,0.28,8.23,-3.12,3180.5,-9.8,0.47,13.12,-4.44,5885,14,40.8,10125,-25,0
1.5,2.3,3,3.5,3.6,3.5,3.3,3.8,4.2,4.3,4.4,4.3,4.8,5,5.2,5.5,4.9,4.2,2.8,1.4,1.2,0.3,0.4,0.6,5.5,3.2,11.7,11.8,11.8,11.7,11.4,10.8,9.9,9.7,10.7,12.2,13.3,14.2,15.5,16.6,17.1,17.5,17.5,17.2,15.9,14.4,12.7,10.3,9.1,7.7,17.5,12.9,6.8,0.57,3.1,-2.66,1513.5,-4.7,0.68,6.22,1.48,3074,-20.5,0.47,25.36,13.13,5640,19.5,45.6,10185,35,0
2,2.5,3.5,3.9,0.9,0.8,1.3,1.8,2.9,3,2.4,5.7,5.8,6,4.9,4.6,4,3.7,3,2.5,2.5,3.4,3.8,4.2,6,3.3,16.5,16.8,17.3,17.7,18.1,18.3,18.2,18.3,19.3,21.3,19.4,13.4,12.9,12.5,12.2,12.6,13,12.9,12.9,13,12.9,13.1,12.6,12,21.3,15.3,16.1,0.04,5.86,11.67,1442.5,8.5,0.02,11.53,7.36,3069,-13,0.02,14.88,5.75,5740,-39.8,18.7,10065,-55,0.05
0.4,0.2,0.4,0.1,0.4,0.7,1.5,1.3,2.5,2.7,3.2,3.4,3.4,3.5,4.2,5.8,5.6,4,3,3.7,4.6,4.3,4.3,3.3,5.8,2.8,21.9,21.4,20.9,20.4,20.1,20,20.4,21.6,22.6,23.9,25.6,26.6,27.1,27,27.4,25.2,22.2,21,20.6,19.8,19.3,18.5,17.7,17.1,27.4,22,13.6,0.89,-1.35,0.79,1523.5,6.4,0.36,2.22,3.49,3143,-8.2,0.24,9.09,5.82,5830,20,41.7,10135,0,0
0.2,0.4,0.3,0.2,0.4,0.3,0.3,0.6,1.1,2.3,1.7,1.8,1.7,1.4,1.7,1.7,1.3,0.9,0.3,0.2,0.2,0.2,0.2,0.1,2.3,0.8,14.4,14.1,14,13.6,13.5,13.1,12.6,14.4,17.8,20.5,21.9,23.1,24,24.6,25.3,25.5,25.3,23.8,21,19.2,18.1,16.8,16,15.3,25.5,18.7,15.7,0.23,-5.2,-5.67,1550.5,9.7,0.22,-4.02,-7.77,3180.5,-7.5,0.1,0.56,-4.35,5885,-3.6,23.4,10195,10,0
0.4,0.4,0.3,0.5,0.4,0.6,0.7,1.2,1.9,1.7,1.9,3.3,3.5,3.1,3.5,4.1,4,2.9,2.7,1.7,1.2,1.4,1,1.1,4.1,1.8,3.7,3,2.8,2.3,2.6,2.5,2.8,4,6.7,10.3,14,16.6,18.1,18.9,19.2,18.6,17.2,16.1,15.5,14.9,14.3,13.8,13.5,13.4,19.2,11,11.1,0.06,0.71,0.93,1549,5.4,0.02,1.03,5.79,3150.5,-12.1,0.02,10.47,1.17,5805,-42.2,11.9,10240,0,0
2.1,0.9,0.9,0.8,1,0.7,1.4,1.7,1.2,1.3,1.5,1.1,1.1,1.7,1.7,1.1,1.1,0.8,1.1,0.4,0.4,0.1,0.2,0.2,2.1,1,23.1,22.4,22.3,22.3,22.4,22.4,22.1,23.5,25.7,27.3,28.5,29.3,30.2,30.9,29.2,29.3,27.5,27.1,27.7,26,25.3,24.9,24.6,24.3,30.9,25.8,17.4,0.82,-2.41,2.08,1526.5,7.5,0.8,-1.55,-1.36,3159,-6,0.14,1.54,6.19,5855,34.4,43.65,10120,-25,0.05
1.4,2.2,1.6,1.1,0.7,1,0.5,0.9,2.3,2.6,2.9,1.9,1.3,1.4,1.6,2.9,3.9,3.9,3.8,3,3,2.5,1.8,1.2,3.9,2.1,27.6,27.4,27.1,26.5,26,25.8,26.1,27.1,28.8,30.3,31.2,32.1,33.2,33.9,34.2,33.9,33,32.4,31.1,29.8,28.9,28.4,27.8,27,34.2,29.6,19.2,0.64,3.72,1.09,1576,10.1,0.42,5.36,0,3219,-6.1,0.15,5.07,6.08,5935,25,43.6,10170,40,0.2
3.6,3.5,3.2,3.4,3.2,3.8,3.6,3.7,3.4,3.7,3.2,3.2,3.4,4.1,5.3,5.1,3.7,3.6,3.3,2.2,1.6,1.4,1,4.3,5.3,3.4,26.5,26.6,26.4,26.2,25.9,25.4,25.7,26.4,27,28,28.9,29.8,30.6,30.8,30.6,29.9,29.2,28.7,27.9,27.1,26.6,26.6,26.2,25,30.8,27.6,18.5,0.61,5.1,12.05,1510,11.9,0.15,4.74,3.28,3157,-8.6,0.1,1.99,4.07,5865,12.1,46.2,10105,-15,0.08
1.4,2,1.9,1.5,0.9,1,1.1,2.2,2.2,2.5,3.4,4.8,4.2,4.4,4.7,4.9,4.8,4,3.2,2.5,1.7,2,2,1.8,4.9,2.7,9.7,9.5,9.3,8.8,7.6,6.8,7,8.6,10.4,13.6,16.8,19.3,20.4,21.1,21.6,21.6,20.7,19.7,18.4,17.5,16.8,16.8,16.9,16.9,21.6,14.8,8.7,0.09,-2.83,3.12,1642,1.7,0.17,1.69,-2.74,3219,-12.1,0.02,7.13,-7.73,5870,-21.5,12.6,10350,30,0
0.5,3.4,3.8,2.9,2.1,2.1,1.5,2.4,4.2,5.5,4.2,4.3,3.7,3.4,3.9,3.9,3.8,3.4,2.1,1.9,1.3,1.4,1.7,2.1,5.5,2.9,18.3,18.4,17.7,16.8,15.7,14.6,13.6,12.9,13.2,13.8,14.6,14.9,15.7,16.6,17.2,17.2,16.9,15.8,14.3,13,12.1,11.3,10.3,9.4,18.4,14.8,14.2,0.2,6.06,-3.83,1508.5,5.4,0.28,12.96,-10.43,3119,-10.5,0.09,23.28,-9.59,5795,0.4,27.4,10145,-30,0
1.9,2.1,2.1,1.7,1.5,1.3,0.3,1.9,3.1,3,3.1,2.6,2.8,2.7,2.7,3.7,4.1,3.4,3.5,3,3.5,3,1.3,1.2,4.1,2.5,27.5,27.3,27.1,26.8,26.6,26.5,27.1,28.4,29.7,30.5,31.1,32.1,33.6,34.6,35.2,33.6,33.1,33.3,32.3,31.3,30.4,29.4,28.2,27.6,35.2,30.1,19.7,0.64,2.08,1.09,1544.5,10.5,0.66,-2.39,0.15,3194,-5.3,0.51,0.13,-2.81,5920,29.75,41.05,10125,15,0
1,1.2,1.4,1.5,0.3,1.3,1.9,1.9,2.4,2.8,2.7,1.9,2.5,3.1,4.4,4.2,4.4,3.8,4.2,3.1,3.5,3.2,2.4,2.7,4.4,2.6,23.9,23.9,23.6,23.3,23.2,22.6,23.1,24.4,26.1,27.1,28,28.5,29.2,30,29.5,29.4,29.4,28.8,27.6,26.3,25.6,25.2,24.8,24.7,30,26.2,15.5,0.78,4.85,2.86,1516.5,9.9,0.3,5.35,-0.69,3142,-8.8,0.36,9.82,-3.07,5845,11.45,44.75,10125,0,0
1.5,1.5,0.9,0.4,0.1,0.3,0.2,0.6,0.8,1.6,0.4,0.6,0.4,1.6,2.8,3.3,1.7,2.7,1,1.7,0.6,0.6,0.4,0.4,3.3,1.1,10.7,11.8,11.3,8.7,7.4,7.4,7.1,8.1,12.8,16.7,18.3,19.2,20.1,21.2,21.1,21,19.7,19,18.2,17.6,16.8,14.4,12.7,11.3,21.2,14.7,7.5,0.3,12.46,-1.06,1403.5,-1.1,0.24,28.21,7.61,2976,-14.4,0.53,36.08,18.52,5595,-2.6,28.3,10050,0,0
1.3,1.4,1.3,1.8,3.6,1.7,1.3,3.2,2.9,3.7,4.3,4.8,4.7,5.1,4.2,5.7,5.3,5,4.5,4.3,3.8,3.7,3.8,3.2,5.7,3.5,5.2,5,4.9,4.9,4.7,4.1,4,3.9,3.7,4,4.1,4.4,4.8,4.9,5.6,5.8,5,4.7,4.4,3.8,3.2,2.9,2.8,2.6,5.8,4.3,6.5,0.96,0.31,8.24,1481.5,-0.7,0.9,12.5,7.37,3061.5,-15.2,0.88,18.94,22.54,5675,26.35,42.8,10180,-65,0.99
0.8,1,0.8,0.8,2.8,1.1,1.7,4.2,5.7,5.1,4.1,4.6,4.2,4.7,4.3,4.8,4.2,4.1,2.7,2.5,2.3,1.9,1.7,1.6,5.7,3,12.6,12.6,12.6,12.7,12.9,12.8,12.6,12.1,9.6,8.9,9.9,10.9,12.2,13.2,13.8,14.3,14.4,13.8,12.3,11.1,10.2,9,8.4,7.6,14.4,11.7,6.7,0.9,4.97,3.88,1476,-0.55,0.54,12.8,6.61,3051.5,-18.6,0.59,20.73,13.29,5650,17.75,49.05,10140,20,0.15
1.9,2.6,2.8,3.6,3.7,3.5,3.1,3.9,4.1,4.1,3.8,3.7,3.7,3.3,3.8,4,3.9,3.3,3.1,3.3,3,3.6,3.4,3,4.1,3.4,9.1,9.5,9.4,9.2,8.8,8.3,7.3,6.4,5.8,5.6,5.6,5.6,5.6,5.4,5.3,5.4,5.6,5.7,5.7,5.3,5.2,5,4.8,4.8,9.5,6.4,6.6,0.18,0.15,1.97,1546.5,2.2,0.97,14.8,8.75,3131.5,-11.9,0.95,20.63,3.77,5785,3.6,16,10260,10,1.22
1.3,1.1,1.2,0.8,0.3,0.8,1,1.1,1.3,1.3,0.8,1.1,1.3,3,2.4,2.8,2.8,2,1.8,0.9,0.2,0.2,0.7,0.3,3,1.3,24.4,24.7,25,25,25.1,25.3,25.4,25.4,25.9,26.9,28.6,30.2,30.8,28.5,31.2,31.3,31.6,29.7,26.6,26.4,26.2,26.2,26.3,26.4,31.6,27.2,16.9,0.73,-1.06,5.46,1537.5,8.5,0.76,2.33,5.83,3174,-7,0.92,4.21,5.71,5880,31.9,42.9,10145,5,0
0.4,0.7,1.9,1.6,2.5,1.3,0.9,2.4,0.8,1.4,1.6,1.6,1.4,0.8,0.4,0.9,2.2,2,1.2,1,0.9,0.5,0.2,0.2,2.5,1.2,21.2,21.3,21.4,21.8,20.7,20.7,20.6,20.8,20.9,21.7,22.7,24.5,26.1,27.9,28.9,29.3,28.6,27.3,26.6,25.8,25.4,25,24.8,24.2,29.3,24.1,17.1,0.8,1.51,0.12,1550,5.9,0.77,2.39,4.2,3175,-8.6,0.6,5.54,4.57,5860,35.45,47.8,10155,5,4.04
0.9,0.8,1,0.8,1.1,1.2,1.5,2.9,3.4,3.1,3.1,3,3.1,3.6,3.6,3.4,3.7,3.7,3,2.3,2.1,1.4,0.9,0.4,3.7,2.3,25.9,25.8,25.8,25.7,25.8,25.9,26.6,28.2,29.5,30.1,31.2,31.8,32.1,32.2,28.6,29.4,30.7,30.4,29.4,28.5,27.9,27.4,26.8,26.2,32.2,28.4,18.7,0.45,-0.23,6.3,1561,8.6,0.32,1.76,2.23,3196.5,-7.1,0.78,-0.25,2.09,5895,17,39.1,10160,15,0
0.1,0.4,0.8,0.4,0.4,0.9,1.1,1.6,1.9,1.6,1.6,2.5,2.9,3.3,3.4,3,2.8,2.9,2.8,1.9,2.1,1.2,1.1,0.6,3.4,1.7,24.8,24.6,24.5,24,23.5,23.1,23.1,24.2,26.8,28.9,30.3,31.7,32.8,33.7,33.9,34.1,34.1,33.7,32.1,30.4,29.5,28.7,27.7,26.6,34.1,28.6,19,0.32,-2.46,-1.35,1556,11.5,0.07,-5.08,0,3203,-2.8,0.01,-14.92,-3.77,5940,-16.2,19.6,10155,25,0
1.3,1.4,0.8,0.5,0.4,0.5,0.6,1.2,1.9,3.6,4.3,4,4.5,4.2,4.7,5.2,4.4,3.1,3.6,3.8,4.6,3.6,3.5,3.7,5.2,2.9,18.9,18.7,18.4,18,17.6,16.7,16,17.4,20.1,23.7,25.2,26,26.8,26.9,26.8,26.3,24.9,22.3,22.5,22.5,22.7,22.8,22.7,22.4,26.9,21.9,12.1,0.46,2.56,4.75,1546.5,9.7,0.01,8.23,4.78,3167,-9.1,0.03,7.32,1.73,5865,-25.2,30.9,10190,-25,0
0.3,0.2,0.8,1,1.5,1.2,1.2,0.8,0.8,1.3,3.1,3,2.3,1.4,1.3,1.9,3,3.5,3.3,2.8,2.3,2.2,1.4,1.2,3.5,1.7,14.7,13.8,13.2,13.4,13.8,14.1,14.2,14.4,15,16.1,18.1,20.4,21.4,22.6,24,24.8,24.9,24.1,22.4,20.7,19.4,18.2,17.3,16.9,24.9,18.3,10.9,0.97,-0.24,0.16,1408,2.8,0.57,0.7,-1.93,3005,-13.9,0.7,7.44,-0.04,5655,23.7,49.1,10030,-65,0
2.1,2.2,2.2,1.7,2.1,1.8,1.3,0.8,1.3,3.1,3.2,2,1.9,1.4,1.8,2.1,3.1,2.4,1.8,1.7,1.3,2,2.1,1.5,3.2,2,13.7,13.7,12.6,11.4,10.3,9.4,8.4,7.6,8.6,10.8,13.1,15.4,16.9,18,19.1,19.6,18.8,17,15.4,14,13,12.3,12.4,12.5,19.6,13.5,8.4,0.47,13.17,1.19,1497.5,2.6,0.19,20.22,-1.77,3084.5,-15.2,0.17,24.72,0.98,5720,1.5,36.7,10160,15,0
3.9,4.5,4,4.2,4.6,3.8,4.2,4.7,4.8,4.6,4.7,4.4,4.5,4.7,4.7,5,4.6,4.6,4,4,3.8,3.5,2.7,2.1,5,4.2,25.8,25.9,25.6,25.4,25.2,24.9,25.3,26,27.2,28.2,28.6,29.1,29.1,29.3,29.6,29.4,28.9,28.6,28.1,27.4,27.1,26.8,26.6,26.1,29.6,27.3,19.6,0.11,4.46,16.66,1527,11.8,0.1,4.4,13.84,3169.5,-7.5,0.07,7.94,9.46,5885,-12.3,24.2,10135,-10,0
1.7,1.4,1.3,1.1,1.1,1.1,1.3,1.3,1.5,2.6,3.8,5.1,4.5,4.4,4.5,4.6,4.5,4.3,3.2,3.3,2.8,2.6,2.8,2.7,5.1,2.8,8.1,8.2,7.8,7.8,8.2,8.8,9.6,9.7,11,14.5,18.9,21,22.4,22.7,22.9,22.5,21.9,20.8,19.8,19.2,18.8,18.6,18.6,18.9,22.9,15.9,11.8,0.06,6.88,2.92,1499.5,5.4,0.07,7.31,1.55,3105,-12.4,0.03,4.99,6.64,5770,-37.5,10.4,10165,-50,0
0.1,0,0.1,0.1,0.4,0.7,1.8,2.1,2.3,3,1.2,1.8,2.1,2.5,3.6,3.7,4,3.5,2.3,1.6,1.7,1.3,0.4,0.1,4,1.7,23.8,23.1,23,22.6,22.6,22.9,23.8,25.6,27.3,27.8,25.3,26.1,25.7,24.9,27.4,28.5,29,28.5,26.9,26.1,25.9,25.7,24.8,24,29,25.5,16.8,0.78,-2.74,4.09,1543.5,6.8,0.63,-2.84,3.34,3169,-8.7,0.48,1.09,-1.7,5855,31.55,46.75,10140,-25,0.03
0.4,0.3,0.3,0.6,0.6,0.7,0.7,0.5,0.9,1.8,2.5,2.5,3.3,3.7,4.2,4.2,4.4,4,3.3,2.9,2.3,1.7,2.1,1.8,4.4,2.1,7.7,6.9,6.1,5.4,5.3,5.4,5.4,5.6,7.7,10.1,13,15.6,16.6,17.1,17.3,17.1,15.8,14.8,13.5,13,12.6,12.4,12.2,12.2,17.3,11.2,4,0.53,1.38,-7.8,1570.5,0.9,0.11,11.69,-7.5,3138.5,-13.6,0.04,26.26,-11.14,5770,-12.4,26.7,10275,25,0
2.7,2.2,2.3,2.5,2.6,2.9,3.2,2.9,3.6,4.2,4.8,5.1,5.1,5.4,5.3,5.3,4.5,3.8,4.3,6.6,5.7,5.8,5.5,5.8,6.6,4.3,19.6,19.6,19.4,19.6,19.5,19.7,19.9,20.2,20.8,21.7,22.4,23.3,24,24.9,25.7,25.9,26.3,26.6,26,24.1,22.7,21.5,20,18.6,26.6,22.2,14.1,0.3,10,5.23,1471,2.6,0.3,11.28,0.54,3076.5,-16.5,0.1,14.22,-2.98,5690,0.7,32.7,10105,-55,0
3.5,2.7,2.1,2.3,2,2,1.5,2.3,4.1,4.4,4.2,3.9,3.5,3.7,3.7,3.1,3.6,1,3.5,3.7,2.8,1.1,1.9,1.3,4.4,2.8,21.9,22.1,22.3,22.4,22.6,23.1,24.2,27.1,29.9,31.1,31.6,32.3,32.6,33.3,33.6,33.2,32.1,28.6,23.6,21.2,21,21,20.6,20.7,33.6,26.3,18.2,0.68,4.75,9.93,1504,9.9,0.5,6.84,2.8,3149,-10.7,0.51,18.24,-1.99,5840,30.6,51.8,10090,-10,1.22
0.8,1.3,1.3,1.2,0.4,0.7,1.4,1.7,2.1,4.1,4.3,4.1,3.3,4,4.6,4.2,4.3,3.6,3.5,4,4,3.7,3.8,3.7,4.6,2.9,15.1,14.7,14.6,14.6,14.6,14.7,14.9,14.9,16.3,19.4,21.1,21.3,21.2,20.3,20.3,20.5,20.7,19.9,19.5,19.4,19.2,19.2,19.3,19.4,21.3,18.1,11.5,0.15,6.14,7.88,1517,6.2,0.03,11.91,5.33,3124,-14.5,0.04,15.47,1.73,5775,-29,25.5,10180,-15,0
2.5,2.2,1.9,1.8,1.9,2.3,1.4,2.1,3.7,4.2,5.1,5.6,6.4,5.8,5.8,5.4,4.6,5.1,3.6,3.1,3.6,3.6,3.6,3,6.4,3.7,19.6,19.2,19.2,18.8,18.4,19,19.4,21.4,22.2,23.2,24.3,25.1,25.6,25.8,25.2,24.7,24.4,24,22.8,22.1,21.7,21.3,21.1,20.8,25.8,22.1,13.7,0.06,-0.34,10.29,1594.5,6.2,0.03,0.58,6.15,3207,-9.6,0.05,3.57,-8.3,5880,-37.5,11.6,10250,15,0
1.6,1.2,0.8,0.9,1.1,0.9,1,1.5,2.2,2.2,2.2,2.7,2.4,2.3,2.4,2.5,2,1.3,1,1.1,0.7,0.6,0.3,0.5,2.7,1.5,17.4,16.4,14.9,14.6,14.2,13.7,13.6,15,17.5,19.7,21.3,22.6,23.3,23.8,24.2,24.3,23.9,22.6,21.3,20.4,19.2,17.4,16.9,16.4,24.3,18.9,11.7,0.32,-2.35,-4.8,1533.5,5.7,0.09,-5.49,-5.34,3137.5,-12.8,0.06,-3.86,-9.49,5795,-8.8,33,10175,25,0
3.4,3.2,3,2.1,2.2,2.5,1.6,1.4,2.5,3.4,4.4,3.7,4.7,4.7,4.6,4.4,4.5,3.6,2.9,3.5,4.2,3.7,4,3.5,4.7,3.4,21.7,21.7,21.9,21.2,21.2,21.3,21.2,22,24.7,26.5,27.4,28.6,29.9,30.3,30.4,29.7,28.3,26.8,25.6,24.7,23.4,23.1,23.1,23,30.4,24.9,20.7,0.18,13.98,8.18,1517,11,0.18,14.02,4.2,3170.5,-9.9,0.49,21.58,0.38,5870,0.8,34.2,10125,-65,0
2.5,2.6,2.2,2.7,2.9,2.5,0.6,3.1,0.3,0.8,2.6,3.5,4.1,3.6,4.1,3.7,3.1,2.6,2.9,3.5,3.6,2.8,3.1,3.1,4.1,2.8,21.9,21.8,21.8,22.2,22.3,22.4,21.7,19.2,20.1,21.8,23.6,23.8,24.3,25,25.1,24.8,24.1,22.1,20.3,18.7,17.2,16.1,14.9,14,25.1,21.2,12.4,0.66,0.58,9.81,1519.5,5.5,0.23,2.8,5.5,3122,-11.7,0.09,8.64,4.84,5785,11.35,41.05,10150,25,2.31
0.7,0.5,0.4,0.8,0.6,1,0.7,1.9,2.5,2.3,2.8,3,3.5,4,4,4.2,3.7,2.7,1.5,0.9,0.3,0.2,0.2,0.4,4.2,1.8,10,9,8.1,7.6,7.1,7.5,7.2,8.4,11.3,13.6,15.4,17.2,18,18.7,19.4,20,20.2,19.7,18.1,15.9,13.8,11.9,10.6,9.1,20.2,13.2,4.8,0.36,7.22,-11.21,1519.5,-3.2,0.13,13.14,-11.9,3080,-19.1,0.08,22.15,-18.12,5665,-9.3,34.8,10200,130,0
0.5,0.7,0,0.1,0.2,0.5,0.9,1.7,2.1,2.5,2.1,2.3,2.1,2.3,3.8,3.6,3,3,3.1,2.4,2.2,2.5,2.3,1.3,3.8,1.9,23.7,23.7,23.2,22.6,22.3,22.7,24,25.7,27.3,28.3,29.7,30.6,31.2,31.8,31.8,31.8,31.6,31.1,30.1,28.9,28.1,27.3,26.8,26.3,31.8,27.5,17.5,0.56,-4.04,2.22,1519,10.1,0.17,-2.84,-1.3,3155.5,-5,0.13,-1.46,-2.52,5875,6.5,36,10115,-5,0
1,0.9,0.2,0.2,0.1,0,0.4,0.3,0.3,1.6,1.9,1.5,1.7,1,1.8,2.4,3.3,3.2,2.8,2,2,0.6,0.9,0.9,3.3,1.3,19.8,19.9,19.1,18.9,18.1,17.7,18.1,18.9,21.7,24.7,26.2,27.7,28.4,29.1,30.1,29.7,28.2,26.9,25.9,25.6,21.2,20.8,20.8,20.9,30.1,23.3,17.1,0.47,0.65,-1.18,1538.5,7.3,0.26,5.32,0.82,3168.5,-10.1,0.53,9.5,-0.64,5855,15.8,42.9,10155,0,1.68
1.4,1.2,0.9,0.4,0.1,0.2,0.2,2,2.9,3.4,3,2.7,2.5,1.6,1.8,2,2,2.2,1.7,2.5,2.9,2.9,3,2.6,3.4,1.9,26.3,25.8,25.6,25,24.4,24.2,24.6,26.7,28.3,29.4,30.2,31,31.8,32.3,32.9,32.8,33.2,32.8,32.1,30.4,29.4,28.6,27.9,27.2,33.2,28.9,19.9,0.51,0.52,1.41,1574.5,8.1,0.79,-3.04,-6.32,3218,-6.9,0.35,-0.37,-4.35,5915,32.4,43.1,10170,0,0
1.1,1.7,1.4,1.5,0.9,1.5,1.4,1.6,1.9,1.9,2.7,4.2,4.3,3.8,3.7,3.7,3.8,3.4,3.6,3.1,4,3.1,3,3.5,4.3,2.7,15.7,15.3,15.3,15.3,15.2,14.8,14.5,14.3,15,17.1,19.4,20.8,21.5,22,22.3,21.4,21,20.3,20,19.5,19.4,19.7,19.9,20.2,22.3,18.3,7.9,0.8,4.34,4.4,1526.5,-1.2,0.28,12.03,-0.51,3103.5,-16.1,0.11,21.77,0.07,5715,13.1,44.7,10190,10,0.03
1,0.8,0.1,0.6,0.2,0.2,0.3,0.8,2.2,2.5,2.9,3.4,3.5,4,4.1,3,1.7,2.2,0.3,0.4,0.8,1.2,0.7,0.8,4.1,1.6,22.7,22.3,22.1,22.2,22.2,21.9,22,22.8,24,25.7,27.4,27.8,27.8,27.7,28.2,28.8,28.1,26.6,24.8,23.2,21.7,20.7,19.7,18.6,28.8,24.1,15.8,0.6,5.58,-2.63,1549,5.8,0.49,6.2,-2.7,3174.5,-9.6,0.1,10.39,-7.66,5860,20.75,40.35,10175,-15,0.03
0.9,1.1,0.8,1.4,0.8,0.7,2,2.9,2.2,1.7,0.8,0.4,0.3,1.7,1.8,2.2,2.5,3.1,2.7,2.6,2.3,2.1,1.7,1.8,3.1,1.7,26.6,25.8,25.6,25.7,25.4,25.3,25.7,26.4,28.6,30.6,32.8,35.2,36.9,37.6,38.4,39.1,38.8,37.9,36.2,33.3,31.1,29.8,28.9,28.3,39.1,31.2,22.5,0.41,-4.75,-0.87,1599,9.7,0.39,-5.18,-2.96,3246,-5.7,0.19,-4.96,-1.06,5965,23.2,42.4,10180,5,0
1.1,1.5,1.4,1,1.6,1,1.7,1.8,2.4,2.3,2.4,2.1,2,2,2.1,2.1,2.1,2.1,1.3,1.6,1.3,1.1,0.2,0.1,2.4,1.6,24,23.3,22.9,22.2,22,21.7,22,23.3,25.6,27.7,29.6,31,31.9,32.6,32.8,33.1,33.1,31.6,30.1,28.9,27.9,27.2,26.5,25.4,33.1,27.3,17,0.8,-0.53,0.34,1552.5,6.5,0.7,3.67,1.17,3180,-8.3,0.08,0.02,-8.42,5885,33.65,47.05,10145,20,0
2.6,2.7,1.9,1.8,1.6,1.5,1.8,2.9,2.9,3.3,2.7,3.1,3.9,3.8,3.4,3.5,3.4,3.4,2.6,2.5,2.4,2.5,1.8,1.7,3.9,2.7,26.7,26.3,26.1,25.7,25.5,25.4,26.2,27.5,28.3,29.2,30.3,31.3,31.8,32,32.1,31.8,31.7,31.2,30.3,28.9,27.9,27.3,26.9,26.5,32.1,28.6,17.6,0.66,2.46,6.77,1544.5,8.5,0.37,1.56,4.6,3178.5,-6.5,0.19,3.46,5.91,5890,21.7,41.7,10145,15,0
0.4,0,0.2,0.3,0.3,0.4,0.7,1.7,2.3,3.8,2.9,2.4,2.4,2.1,1.9,1.8,1.7,2.1,2.4,1.3,1.3,0.9,1.4,1.9,3.8,1.5,25.9,25.8,25.8,25.9,25.7,25.6,25.7,26.2,25.8,24.3,23.8,25.1,26.3,26.7,27.2,27.2,27.4,27.9,27.9,26.8,25.9,25.5,25.3,25.6,27.9,26.1,17.7,0.8,3.41,3.15,1554,8.8,0.83,2.33,0.18,3190.5,-6.4,0.92,-2.22,-0.45,5905,35.6,44.75,10150,25,0.25
2,2.3,2.7,2.3,2.1,1.9,1.8,1.7,2.4,3.2,2.6,3,2.6,2.1,2.4,2.1,1.8,1.2,0.1,0.8,0.4,1.7,1.3,0.4,3.2,1.9,9.7,8.9,8.6,8.2,7.4,6.3,5.8,5.6,7.2,9.2,10.6,12.1,13.8,15.1,16.3,17.2,17.4,17.1,14.3,12.7,10.8,10.7,10.1,8.9,17.4,11,1.8,0.68,8.07,-10,1480,-3,0.24,15.78,-8.5,3038.5,-20,0.22,16.1,-19.47,5615,-7.25,37.75,10180,15,0
1.2,1.4,1.7,1.8,1.9,3,3.5,3.8,4.3,4.6,5,5.3,5.9,5.3,5.3,4.9,3.7,3.4,2.1,3.5,3.8,4.1,4.3,5.2,5.9,3.7,25.1,24.7,24.5,24.3,24.1,23.8,23.9,25.1,26.9,28.8,29.7,31.1,32,32.6,33.5,32.9,29.1,25.6,25.6,25.6,25.9,26.1,26.1,26.1,33.5,27.2,18,0.76,-13.05,-1.14,1503.5,8.9,0.81,-12.65,-2.23,3139.5,-5.3,0.29,-10.28,-2.96,5860,34,42.4,10095,-10,0.03
5.7,6.3,6.1,6,6,6,5.8,5.9,4.9,5,5.5,5.2,4.6,4.6,4.4,4.2,3.3,3.4,3.3,2.8,2.7,3,3.1,3.1,6.3,4.6,5.1,4.7,3.4,2.6,2.5,2.5,2.7,2.7,2.7,2.9,2.6,2.9,3.3,3.3,3.6,3.7,2.8,2.4,2.2,2.1,2,2,1.9,1.9,5.1,2.9,12.7,0.86,7.94,5.83,1564,7.1,0.41,10.49,6.06,3177,-10.9,0.32,19.47,9.17,5855,21.3,44.7,10225,15,0.03
0.6,0.3,0.3,0.1,0,0.1,0.1,0.4,1.1,1.1,0.5,1.9,1.7,1.5,1.7,2,2.5,2,2,1.7,1.1,0.8,0.2,0.1,2.5,1,12.3,11.7,10.9,10.3,9.9,9.6,9.5,10.9,15,18.7,21.7,23.3,23.9,24.5,24.9,24.9,24.1,22.3,20.2,18.6,17,15.6,13.8,12.7,24.9,16.9,12.7,0.09,-1.91,-0.79,1590,6.8,0.01,0.92,-0.74,3199,-11.5,0.15,7.36,-0.06,5875,-39.1,18.4,10245,-40,0
0.3,0.7,0.1,0.5,0.5,0.1,0.5,0.3,1.3,1.6,1.1,1,3.1,3.9,2.5,3.3,2.8,2.7,2.7,1.6,1.1,1,1,0.8,3.9,1.4,26.6,26.4,25.8,25.8,26.1,25.6,26.4,28.3,29.6,31,31.8,32.4,32.1,28.2,28.6,30.2,29.2,29.7,29.5,28.7,28.1,27.5,27.1,26.6,32.4,28.4,16.7,0.89,-3.16,0.4,1556.5,10.1,0.72,-5.85,-5.37,3195.5,-6.2,0.5,-2.58,-4.28,5910,32.85,43.85,10150,5,0.56
1.1,0,0.1,0.4,0.4,0.9,2.1,2.5,2.3,2.2,1.3,0.9,1.5,1.3,1.5,2.5,0.5,2.4,2.4,3.1,2.5,1.9,2.4,2.6,3.1,1.6,25.9,24,22.9,22.2,21.6,21.3,22.5,24.1,26.1,27.9,29.2,30.1,30.9,31.6,32.6,33.2,33.3,32.9,31.6,29.6,28.1,27.2,27.1,26.7,33.3,27.6,15.5,0.71,1.78,-5.64,1522,9,0.21,8.1,-12.55,3152,-7,0.08,8.71,-9.43,5850,12.3,39.3,10120,10,0
3.1,2.9,3,3,2.3,2.2,1.1,1.5,2,3.4,4.2,3.8,4.2,4.2,4.1,4.2,4.1,3.6,3,3.1,3.2,3,3,2.6,4.2,3.1,21.6,21.7,21.7,21.7,21.7,21.8,21.7,21.9,22.6,24.1,25.2,25.8,26.4,27.1,27.3,26.7,26.2,25.1,24.1,23,22.1,21.4,21.4,21.4,27.3,23.5,14.6,0.46,9.62,10.15,1524.5,6,0.35,10.27,3.3,3145,-12.9,0.41,11.38,1.97,5800,14.7,41.1,10150,5,0
0.4,0.3,0.2,0.4,0.2,0.4,0.4,1.8,2.5,2.2,1.7,1.8,0.9,1.3,1.5,2,2.5,2.2,1.8,2.1,1.7,0.9,0.4,0.1,2.5,1.2,9.2,8.8,8.3,7.9,7.8,7.7,8.3,10.9,13.7,17.1,19.4,21.1,22.1,22.9,23.3,23.4,22.7,20.9,18.7,17.1,16.1,15,13.7,12.9,23.4,15.4,11.8,0.02,-1.13,-5.77,1560,3.9,0.1,-1.4,-4.87,3161,-14.6,0.06,3.13,-11.59,5800,-36.3,5.3,10240,20,0
0.2,0.2,0.4,0.3,0.1,0.2,0.3,0.5,2.1,3.6,4.4,4.6,4.8,4.6,4.7,4.7,4.4,3.8,3.2,2.8,1.9,1.5,1.4,1.3,4.8,2.3,8.8,8,7.3,6.6,6.1,5.9,6.2,8.4,13.5,17.4,19.9,20.9,21.4,21.6,21.5,21.6,21.4,20.6,18.7,17.7,17.1,16.1,15.2,14.8,21.6,14.9,5.5,0.18,5.55,-0.97,1555,0.05,0.1,15.58,-10.03,3122,-17.7,0.03,21.42,-10.41,5735,-19.8,24.9,10235,15,0
0.6,0.8,1.2,1.2,1.6,2.1,1.7,2.1,2.6,3.4,3.7,3.1,2.5,2.6,2.4,3.3,3.1,2.8,2,1.7,1,0.8,0.8,0.6,3.7,2,21.8,21.8,21.8,21.4,21.2,21,21,22.1,24.3,26.3,27.6,28.4,29.2,29.7,30.3,30.5,30,28.9,27.4,26.3,24.9,23.9,22.9,21.8,30.5,25.2,14.9,0.76,-2.57,-2.07,1556.5,5.3,0.69,3.36,-1.16,3175,-8.6,0.02,6.44,1.67,5870,29,42.85,10165,20,0
0.6,0.8,1,1.2,0.9,0.8,1.9,3.2,3.4,2.5,1.1,0.6,1.4,1.3,1.8,1.2,1,1.2,1.7,3,2.5,2.2,1.9,1.3,3.4,1.6,27.1,26.8,26.5,26.2,25.6,25.2,25.7,27.2,28.5,29.6,30.6,31.4,32.4,32.9,33.3,33.3,33.2,33.6,32.2,30.2,29.4,28.7,28.1,27.3,33.6,29.4,19.2,0.85,-0.67,-0.74,1543.5,11.1,0.36,-5.1,-0.58,3190,-6.1,0.1,-1.07,-5.03,5900,27.35,47.95,10125,0,0
4.6,3.7,3.2,2.6,2.9,2.8,3,3.5,4.2,4,3.6,3.5,3.4,3.3,2.5,2.5,2.8,2.1,1.3,1.3,1,0.4,0.5,0.8,4.6,2.6,5.3,5.4,5.4,5.1,4.8,4.3,3.6,2.9,3.2,3.8,4.9,6.2,7.4,8.6,9.6,10.4,10.8,10.4,9.2,7.9,7.1,5.8,4.5,4.7,10.8,6.3,2.2,0.9,6.54,-8.88,1437,-1.9,0.66,13.48,-2.67,3003,-17.9,0.31,15.59,-1.84,5600,15.8,38.55,10135,80,0
1.5,1.7,2.5,2.4,1.9,1.5,2.1,4.2,4.8,3.5,2.8,2.2,1.3,1.8,1.4,1.2,1.6,3,4,3.3,3,3.1,2.5,2.1,4.8,2.5,27.4,26.9,26.9,26.4,26.1,25.5,25.9,27.2,28.3,29.7,31.6,33.4,35.1,36.2,36.6,37.3,37.7,36.6,34.8,33.2,32,30.4,29.2,28,37.7,30.9,22.4,0.3,-0.88,-0.29,1567,10.7,0.48,-4.6,0.62,3219,-7.5,0.34,-4.87,-2.81,5930,23.3,41.3,10150,-20,0
0,0.2,0.3,1.1,2.1,1.1,0.9,2.5,3.4,3.7,3.7,3.7,2.8,2.1,1.7,1.8,2.4,3.1,1.9,0.5,0.2,0.2,0.2,0.1,3.7,1.7,15.2,14.1,14.3,13.9,14.5,14.3,13.4,14.5,15.8,17.4,19.2,20.2,21.2,22.1,22.6,23.4,23.7,23.2,21.5,19.4,16.6,15.6,14.3,13.6,23.7,17.7,13.9,0.63,11.21,1.98,1521,8.1,0.18,18.93,15.65,3135,-8.7,0.21,25.63,18.16,5820,2,36.2,10145,45,0
1.4,0.9,0.8,1,0.1,1.4,0.6,2.6,0.8,1.5,1.7,3.4,1.4,1.8,2.1,2.5,2.4,2.9,7.5,2.1,1.2,0.8,1.5,1.3,7.5,1.8,10.6,10.4,10.1,10.1,10.2,10.3,10.4,10.4,11,10.9,10.9,11,11.4,12.4,14.3,15.3,16.5,15.9,11.7,11.1,10.5,9.6,9.2,9.1,16.5,11.4,9,0.59,4.71,4.7,1362.5,0.15,0.73,9.75,1.81,2949.5,-16.9,0.14,13.55,7.31,5560,20.35,41.55,10015,-115,2.51
1.8,1.3,1.3,1.7,1.6,1.6,2.1,2,3.6,3.4,3.5,4.2,4.7,4.5,5,5.1,4.2,4.1,4.2,3.6,3,2.9,2.6,2.6,5.1,3.1,20.5,20.1,20.2,20.9,21.2,21.4,21.6,22.2,23.6,24.7,25.8,26.4,27.1,27.4,27.1,26.3,26.1,25.4,24.6,23.9,23.6,23.2,23.1,23.1,27.4,23.7,16.3,0.35,2,4.71,1516,6,0.58,4.07,1.17,3140.5,-11.4,0.24,10.91,3.47,5795,21,39.9,10135,-20,0
1,1.1,0.7,0.5,0.2,0.8,1.1,1.8,2.6,1.8,2.8,1.9,1.9,1.7,1.7,2.2,2.3,1.9,1.3,1.9,1.4,1.6,1.5,1.3,2.8,1.5,24.7,24.2,23.9,23.9,23.2,23.2,24.2,24.7,24.6,25,25.1,24.7,23.8,24.2,24.7,25.1,25.2,25.3,25.6,25.2,24.7,24.3,24.3,24.3,25.6,24.5,16.3,0.86,2.48,9.07,1525.5,8.3,0.74,7.11,7.97,3157,-8.3,0.9,6.27,2.23,5855,34,46.75,10125,-15,0.28
0.5,0.5,0.8,0.5,0.5,0.8,0.5,1.6,3,5.7,4.9,5.4,4.7,5.5,4.8,6,6.4,6.3,6.3,6.7,6.1,6,4.9,5.5,6.7,3.9,17.6,17.1,16.8,16.5,17,17.4,17.4,17.4,16.1,12.9,10.8,8.7,7.9,8.1,7.4,7.1,6.3,5.8,5,4.2,3.8,2.8,2.1,1.6,17.6,10.3,11.5,0.69,2.91,7.99,1469.5,0.75,0.45,10.15,3.69,3062.5,-14.6,0.45,17.51,8.93,5680,22.6,46.7,10100,-65,0.43
2.1,2.2,2.4,2.1,2.5,2.4,2.9,2.5,2.9,2.3,3.3,3,3.7,4.1,3.5,2.7,3.4,3.4,2.8,2.2,2.2,2.1,3,2.1,4.1,2.7,7.8,7.3,6.9,6.6,6.1,5.9,5.9,5.8,5.7,5.8,7,8.9,10.8,12.4,12.9,13.4,13.3,11.9,10.7,10.1,9.9,10.3,11,10.9,13.4,9.1,4,0.21,4,-4,1535,-1.05,0.24,15.37,1.75,3102.5,-18,0.45,27.85,6.14,5700,-11,23.5,10255,-10,0
0.6,0.8,0.6,0.6,1.2,1.1,1,1.3,2.1,2.6,2.4,1.4,2.2,1.5,1.4,2.4,2.5,3.7,3.4,3,2.1,2.1,2.2,1.9,3.7,1.8,24.3,24.2,24.2,24.2,24.5,25,25.4,26.2,27.6,29.6,30.5,29.9,28.2,29.9,30.2,30.9,31.2,30.8,29.4,28.3,27.8,27.4,27.4,27.4,31.2,27.7,16.8,0.81,-0.44,4.88,1530.5,11,0.28,1.51,5.63,3171.5,-6.9,0.16,4.18,-4.78,5895,10.1,44,10130,-5,0.84
2.8,2.4,2.1,1.9,1.6,1.7,1.9,3,3.9,3.9,4,3.9,3.9,4,4.4,4.2,4.7,3.8,3.1,2.8,2.1,1.6,2.5,2.7,4.7,3,20.5,20.2,20.1,19.9,19.4,19.3,19.6,21.3,22.9,24.3,25.3,25.8,26.4,26.4,26.4,26,25.4,24.4,23.4,22.3,21.3,20.9,20.8,20.5,26.4,22.6,13.7,0.12,-0.56,11.33,1592.5,7.5,0.03,2.12,4.69,3208.5,-8.7,0.08,5.29,2.19,5905,-30.4,17.3,10250,0,0
0.3,0,0.3,0.1,0.2,0.2,0,0.6,2.3,2.3,2.1,2.1,2.2,1.4,1.4,1.2,1.7,2.1,1.7,1.7,1.5,1.1,0.3,0,2.3,1.1,8.3,7.4,6.7,6.2,5.8,5.7,5.4,5.9,9.4,12.6,14.6,16.1,17.2,17.9,18.4,18.4,17.7,15.7,14.6,14.2,14,13.6,12.4,10.4,18.4,12,11.9,0.14,6.03,-7.35,1503,6.1,0.02,9.26,-7.39,3107,-9.1,0.06,26.35,-8.59,5775,-43.1,10.5,10170,55,0
1.8,1.6,2.2,2.6,2.5,2.4,2.8,1.6,2,2.3,2.4,3,2.3,2.6,2.3,2.8,2.9,2.8,3.8,3.4,2.1,2,1.7,1.7,3.8,2.4,18.3,17.9,18.1,17.1,16.3,16.6,16.9,17.3,17.5,17.9,18.3,18.4,19.1,19.6,19.5,19.8,20.1,20.4,20.2,20.2,20.3,20.4,20.5,21,21,18.8,13.3,0.7,4.65,7.53,1523.5,4.5,0.78,12.9,7.5,3134.5,-10.4,0.31,16.26,4.77,5810,27.15,41.15,10155,-10,2.95
1,1.9,2.2,1.2,0.6,0.6,0.1,1.3,2,2.4,2.4,1.3,2,2.6,3.4,4.2,4.3,4.5,4.2,3.6,3,2.6,2.1,1.7,4.5,2.3,25.8,25.4,25.7,25.6,25.2,24.7,25.2,26.8,28.7,29.8,30.8,31.8,32.9,33.7,33.9,32.1,31.3,31.5,30.7,29.7,28.7,27.8,27.1,26.6,33.9,28.8,17.9,0.64,1.86,1.8,1575,8.5,0.53,2.16,0.2,3210.5,-5.8,0.19,2.92,-1.5,5925,25.6,40.4,10175,15,0
4.2,3.5,3.8,3.1,3.6,3.6,4.2,3.9,4.3,5.1,5.6,6.5,6.8,6.3,6.8,6.1,5.3,4.6,4.2,4,4.2,4.9,4.9,4.8,6.8,4.8,22.2,22.2,22.2,22.2,22.2,22.1,22,22.2,22.8,23.9,26.1,27,27.7,27.6,27.8,26,25.1,24.1,22.7,22.6,22.2,21.7,21.6,21.5,27.8,23.7,13.6,0.61,-0.88,11.1,1508,10.4,0.1,4.65,7.62,3136,-10.9,0.09,11.32,3.39,5820,-3.4,41.5,10135,-5,0
0.5,0.5,0.4,0.4,0.7,0.5,0.4,1.2,1.9,3.7,4.4,3.8,3.1,3.5,3.3,4,4.4,4.4,2.9,2.1,1.7,1.8,1.9,1.6,4.4,2.2,10.6,10.3,9.9,10.2,10.2,10.6,10.8,13.2,17.7,21.7,22.9,23.9,24.2,24.8,24.9,24.3,22.9,21.6,20.6,19.7,18.9,18.8,19.1,18.6,24.9,17.9,9.8,0.05,2.87,1.2,1572.5,2.6,0.22,8.13,0.76,3163,-13.2,0.2,12.58,-2.79,5810,-23.2,8,10255,-5,0
1.1,1,1.1,0.5,1,0.8,1.3,1.3,2.1,2.8,3.1,3.1,3.4,3.9,4.4,4,4.6,4,3.5,2.5,2.1,1.3,1.1,1,4.6,2.3,24.1,23.7,23.4,23.2,23.1,23.2,23.4,24.2,26.9,28.3,29.4,30,29.8,30.2,29.8,30.2,29.4,28,26.5,25.6,24.8,24,23.3,22.5,30.2,26.1,15.6,0.55,-2.32,1.13,1531,11,0.08,-1.69,-0.57,3165,-5.4,0.03,0.27,-1.04,5890,-8.9,32.5,10140,10,0
1.8,1.2,1.8,1.7,0.8,0.7,0.4,2.1,2.7,3.3,3.8,4.1,3.5,3.5,3.6,3.8,3.5,3.8,4.4,4.3,3.6,3.8,2.9,2.5,4.4,2.8,25.6,25.3,25.1,25.1,24.7,24.3,25.4,26.6,28,28.6,30,30.9,31.4,32.2,32.6,32.4,31.5,30.4,29,27.9,27.1,26.7,26.5,26.2,32.6,28.1,16.7,0.76,2.84,6.88,1535.5,7.2,0.4,2.49,3.21,3161.5,-7,0.4,3.43,-0.1,5860,24.2,43.2,10135,-15,0
4.2,3.6,3.4,3.5,3.7,3.7,4.5,4.3,4.1,3.8,4.6,4.3,4.4,4,3.4,4,3.8,3.7,3.5,3.6,4.2,4.5,4.2,3.6,4.6,3.9,11.6,11.7,11.8,11.8,11.8,11.7,11.6,11.6,11.7,11.8,12.1,11.9,12,12,11.8,12.2,12.6,12.9,13.4,13.6,13.6,13.4,13.2,12.6,13.6,12.3,9.2,0.86,-1.63,2.84,1428,0.85,0.56,0.2,-0.92,3016.5,-16.4,0.69,2.15,10.02,5635,25.55,48.95,10070,-40,0.81
3.1,2.8,2.5,3.3,2.5,1.8,1.7,3,3.5,4.4,3.8,3.7,2.7,2.4,2.2,1.3,1.1,1.2,1.2,0.4,1.1,0.4,1.5,1.9,4.4,2.2,29.1,28.5,27.7,27.3,26.8,26.2,26.1,27.6,29.2,31.3,33.3,35.4,36.9,37.9,38.8,39.3,39.6,39.4,37.1,35.7,33.7,32.6,30.6,30.3,39.6,32.5,23.2,0.52,3.01,-2.86,1530.5,9,0.73,-3.24,-10.29,3182,-7.3,0.1,-4.32,-6.59,5890,38.55,50.5,10090,-30,0.1
0.6,0.7,0.3,0.4,0.5,0.5,1.3,1.9,2.4,2,1.5,1.8,1.5,1.7,2.1,1.3,0.4,2.7,2.8,2.1,1.6,1.5,1.2,1.2,2.8,1.4,25.5,24.8,24.4,24.3,24.2,24.3,25.1,26.4,27.5,28.2,29.6,30.5,31.3,32.1,32.2,32.2,32.3,31.3,30.1,29.2,28.4,27.7,27,26.4,32.3,28.1,17.5,0.77,3.86,-1.78,1533,8.4,0.41,4.89,-2.28,3170,-6.6,0.04,-3.04,-3.79,5875,25.25,43.85,10125,-10,0
