3.621053459,2.025379964,1.529796279,-0.186924348,-0.724042212,-1.855324785,-2.19027885,-2.520717722,-2.466327467,-2.365548912,-2.41529003,-2.347586178,-1.71246365,-1.302945147,-1.010869269,-0.416019089,0.020176146,0.115382705,0.945348148,0.915549728,1.171800153,1.520892255,1.462035592,1.478895789,1.55110508,1.482563779,0.931993808,0.782227927,0.33526854,0.140389822,-0.107909,-0.646159302,-0.656689989,-0.757105831,-1.007181969,-0.657468797,-1.238023427,-1.205353198,-1.339148618,-0.508889512,-0.31980228,-0.33429414,0.141673547,0.190289792,0.427829715,0.566484829,0.794509674,0.812526691,1.538654315,0.555570469,0.341140043
3.267748273,2.686404994,1.315328998,-0.024958747,-0.611604388,-1.56508722,-1.832899814,-2.018442876,-2.967790469,-2.343868975,-2.125919577,-2.242450682,-1.479771599,-1.463820016,-1.350200511,-1.107204566,-0.166374623,0.540509002,0.834808,1.18325265,1.178508377,1.512656,1.129245027,1.321828378,1.197567387,1.350787805,0.977943452,0.411426044,0.392462687,-0.089462036,-0.384583265,-0.275905464,-0.697044327,-0.807790628,-0.809266484,-1.044864721,-0.948170435,-0.850347186,-0.609026626,-0.61754501,-0.183514746,-0.30866881,-0.094912803,0.569697599,0.227704253,0.53753491,0.914488397,0.824563263,1.19305387,1.105767111,0.877607386
3.046909505,2.026525278,1.157043478,0.117554208,-0.951523342,-1.280817263,-1.853772588,-2.210559922,-2.673069472,-2.338937052,-2.32523475,-1.627125395,-1.650470867,-1.213436481,-1.027675883,-0.880927497,-0.175828168,0.172675197,0.614463837,1.218634692,1.183585257,1.252877266,1.436579529,1.471629186,1.504599269,0.982696584,1.060812834,0.719813407,0.725940279,0.029697977,-0.251528138,-0.784781774,-1.071714857,-0.829754259,-1.092631223,-0.963993131,-1.309049416,-0.543960172,-0.871121116,-0.47475184,-0.593302968,-0.354946416,0.089567524,0.283303129,0.075068431,0.155075396,0.410054684,0.433167749,0.856713155,0.744423995,0.712712131
3.61992785,2.043414948,1.280073642,0.126354057,-0.900225215,-1.773394592,-1.847628334,-2.460810793,-2.55505292,-2.799319117,-2.878040141,-2.211421924,-1.931870558,-1.202909925,-0.840494572,-0.295504852,-0.270242044,0.128041552,0.438184373,1.204345208,2.020050055,1.658548559,1.345645434,1.721009316,1.120183084,0.86473806,1.160844045,0.505832006,0.473840386,0.434624383,-0.117627318,-0.259527749,-1.126849737,-0.741997278,-0.495633393,-0.954644291,-1.471103361,-1.071873954,-1.026670096,-0.640754179,-0.433564073,-0.212947793,-0.173890638,-0.005454074,0.207734933,0.751633858,0.221269609,0.73528529,0.909415059,0.684043973,0.924021635
3.152328386,2.114135806,0.961975237,-0.019404089,-0.899724319,-1.166743866,-1.856794765,-2.357637104,-2.933398235,-3.007533059,-2.981599626,-1.603019576,-1.673242074,-1.438421652,-1.284480705,-0.845422093,0.05388702,0.753394172,0.332120151,0.967500712,1.301706755,0.978656255,1.749222876,1.408186148,1.880310871,1.1231309,1.083778987,0.414701344,0.238627972,-0.209190114,-0.119764656,-0.166482944,-0.873809626,-0.798287491,-1.156349577,-1.064402216,-0.78682143,-0.991017551,-1.16088964,-0.950785967,-0.579041494,-0.362238001,-0.299399253,0.189529969,0.6717643,0.475456328,0.633379114,0.236730603,0.648192232,0.49891858,0.708156151
3.277091619,2.057095338,1.276672523,-0.084755327,-0.477174812,-1.277392652,-1.937440695,-2.371598614,-2.475257255,-1.719412787,-2.518520688,-2.643466997,-1.437560203,-1.350205381,-1.202898496,0.095502732,0.054714749,0.435674097,0.560995117,0.813617528,0.880676265,1.370925666,1.275635852,1.673789689,1.322858614,1.663103475,1.359129065,0.741310966,0.324152988,0.371032051,-0.504535385,-0.323518146,-0.892677435,-1.007462014,-1.198209564,-0.94602189,-1.280407444,-1.286978556,-0.763434216,-0.842367366,-0.446176127,-0.402293241,-0.015560274,-0.496748403,0.471598213,1.001638885,0.944343962,1.014835225,0.781887687,0.892486246,0.8657772
3.243791257,2.667496948,1.033518737,0.022104624,-0.998239737,-1.673152361,-2.247614742,-2.283928779,-2.167404971,-2.469214679,-2.276860947,-1.918856883,-2.541219137,-1.544556725,-0.952666761,-0.379517565,-0.409235766,0.110655938,0.953126934,1.05070722,1.461052245,1.236494349,1.130460861,1.702150948,1.700592449,1.628869887,0.598436066,0.366095285,0.026382292,0.07257483,-0.37178531,-0.163404118,-1.089165831,-1.342968644,-0.978932786,-0.791696545,-1.28658984,-1.33749736,-0.939011629,-1.145621827,-0.532236831,-0.107224114,-0.028510864,-0.33294729,0.220926726,0.462740575,1.13791716,1.015824018,0.827550329,1.174577246,0.543530852
3.380154446,2.174560184,1.814853759,-0.074469334,-0.785559423,-0.804311767,-2.29604374,-2.234155457,-2.835776154,-2.343422346,-2.408529069,-2.09128731,-1.986051056,-1.441368996,-0.67279222,-1.127606382,-0.491345537,0.46599041,0.591763853,1.005762973,0.948550054,1.250446938,1.437866073,1.330401336,1.185644405,1.115393888,0.745816885,1.035779316,0.147735238,0.53747627,-0.311517628,-0.854878,-0.880069638,-0.673756099,-0.766276643,-1.049872325,-1.014033986,-0.862861861,-1.266439258,-0.881937588,-0.994110249,-0.426596701,0.154373225,0.323724288,0.927089332,0.579930566,0.145398939,1.209460907,1.162390695,0.701578985,0.860368434
3.370425554,2.41654017,0.997260519,0.248323436,-0.295016088,-1.435878242,-2.084505183,-2.497413837,-2.387543707,-2.26676006,-1.958991535,-2.240807067,-1.875576797,-1.66084358,-0.637922717,-0.577693177,-0.201332142,0.908183373,0.957926343,1.258935753,1.071386989,1.585152203,1.668947358,1.238789748,1.345817048,1.119625139,1.11344827,0.44856767,0.667100609,0.529209276,-0.293847107,-0.494116978,-0.598740429,-0.606568342,-0.899754524,-0.990667621,-1.206586776,-1.078962554,-0.748332488,-0.315797523,-0.394474525,-0.615828244,0.025319647,0.121333749,0.294118446,0.483451484,0.464579948,0.706909999,0.645716685,0.755996094,0.834032457
3.392601227,2.239733728,0.72805002,0.127759808,-0.541943518,-1.502612628,-1.616271599,-2.232282489,-2.671747703,-2.639568589,-2.55921117,-2.1940384,-1.727664179,-1.57564437,-0.926309245,-0.120008838,0.149849792,0.568439286,0.551754283,0.946299008,1.383417688,1.451493562,1.132649347,1.133245089,1.658813009,1.031323714,1.501069664,0.144811735,0.507034826,0.083147127,-0.406968304,-0.390861613,-0.923862405,-0.69243554,-1.013541654,-1.499775993,-1.692071544,-1.092045736,-0.615227216,-0.691217835,-0.523010361,-0.142382517,-0.431297276,0.50070537,0.131669391,0.547689825,0.593629305,0.8245002,0.355690982,1.22821045,0.941167356
3.046336926,2.041848603,0.892403942,-0.213208254,-1.290054582,-1.333803191,-1.509335477,-1.816573213,-2.689705948,-2.612582976,-2.606848274,-2.235331655,-2.146028188,-1.982533527,-1.050031376,-0.865112426,-0.558631436,0.955685314,0.697119638,1.180820237,1.620896923,1.055465838,1.642198592,1.637287182,1.423031748,1.260305096,0.849497838,0.881073561,0.182358503,-0.116105414,-0.036574084,-0.0703067,-0.821997728,-1.033650943,-0.928240483,-0.821840109,-0.843888343,-0.953551872,-1.060280425,-0.579069362,-0.556381356,0.029916361,-0.434998573,0.179671857,0.67756203,0.414514575,0.528315389,0.553702506,0.77213928,0.797105486,0.838900105
2.814091344,1.893469667,1.378072029,-0.082142433,-0.691949813,-1.098036375,-2.231598308,-2.612226301,-2.689841378,-2.490818097,-2.541602584,-2.498770245,-2.309572424,-1.595232286,-1.096206956,-0.692634202,-0.148515899,0.088269446,0.892764439,0.536194911,1.358933436,1.643913909,1.32670417,1.497578348,1.475212227,1.067200948,0.978072669,0.80333676,0.160556517,0.291779858,0.055726139,-0.411647636,-0.721620976,-1.198504474,-0.90654877,-1.393891391,-0.688187071,-0.889469493,-0.835474143,-0.83490963,-1.080650428,-0.613234539,0.008386648,0.7474747,0.540193986,0.615685247,0.549024831,0.817681876,1.082390341,0.783743015,1.277653811
3.340972655,2.088996925,1.406631652,-0.116073842,-0.73997923,-1.370616537,-1.804401157,-2.585993488,-2.477331905,-1.913965603,-2.86865577,-2.145823755,-1.97377771,-1.709438489,-1.248916244,-0.434356121,0.49588367,0.163666751,0.890695959,0.940084713,1.816921288,1.612820644,1.50443507,1.666819786,1.400869965,1.497655394,0.935085939,0.419953933,0.456456295,0.473249906,-0.517063905,-0.552529139,-0.474192145,-1.38741279,-0.873897512,-0.90168904,-1.032513145,-1.213646773,-0.903462454,-0.713213526,-0.302760116,-0.14844145,-0.170503617,0.549333296,0.342423907,0.335074382,0.574916643,1.001763578,0.890624492,1.069452265,0.822020269
2.973587449,2.747073628,1.262400907,-0.433869126,-1.062477218,-1.501866114,-2.437590841,-2.487378778,-2.293911526,-2.642052306,-2.50722164,-2.504716627,-2.055251139,-1.84055598,-0.949867759,-0.671882898,0.112818636,0.671432338,1.024755612,1.071139771,1.19678294,1.170650806,1.56853873,1.751719253,1.317033052,1.177526,1.135558593,0.916288229,0.040615375,0.132978588,-0.168951763,-0.52972592,-0.502203145,-0.998428886,-1.236806129,-1.020926318,-0.97093474,-1.075464923,-0.702648049,-1.116015799,-0.805302176,-1.082362364,0.047406347,-0.103391971,0.291850747,0.790564965,0.69727464,0.677002882,0.629703155,0.787144016,0.955447173
3.071257326,1.660687666,0.980019966,0.249112654,-0.949405575,-1.349736261,-1.874292632,-2.124717396,-2.319317023,-2.773292538,-2.704620924,-2.242221009,-2.082549128,-1.139481405,-0.695959152,-0.535046892,-0.189804622,0.489825129,0.59138766,1.048595858,1.190163098,1.50305215,1.820999061,1.697470388,1.68816645,0.992177022,1.026433884,0.454471431,0.491051059,0.164415007,0.106169116,-0.217135449,-0.562093424,-1.033649686,-1.149257409,-1.6028195,-1.1979602,-1.408887389,-0.669222346,-0.511025164,-0.502001056,-0.40892287,-0.047179386,0.545623602,0.692411195,0.426138122,0.726624457,0.506986906,0.942003235,1.032002387,1.02972599
3.237865112,2.158918553,1.023790312,0.201414637,-0.432429333,-1.884519073,-1.503438853,-2.177957821,-2.703887033,-2.632585082,-2.41551642,-2.180275717,-1.616140048,-1.230123688,-1.130596396,-0.591312904,0.100411525,0.392206069,1.039538887,0.908156773,1.440700489,1.548741166,1.886875168,1.175475375,1.402452513,1.234229285,0.396007168,1.012332173,1.09715188,0.024944383,-0.14615044,-0.608093942,-0.629319742,-1.00233822,-1.055703514,-0.685391359,-1.297691536,-1.165059049,-0.920657073,-0.769628055,-0.176745501,0.193494798,-0.327495853,-0.015891981,0.485251098,0.443073651,1.182734612,1.196078642,0.981575231,0.988146122,0.720115658
3.214295355,2.224690792,0.865024175,0.152803694,-0.62456614,-1.413888967,-2.038957697,-2.694757113,-2.552270642,-2.731315464,-2.810168245,-2.268375321,-1.968755848,-1.454641505,-0.792837518,-0.414769948,0.243423087,0.179796718,0.539312394,1.056119804,1.668583252,1.802575893,1.507458414,1.362632431,1.02210408,1.388815983,0.987194539,0.40586124,0.311199375,-0.374373204,-0.110411077,-0.535441185,-0.317588581,-1.247238344,-0.787632286,-1.054019192,-1.065233168,-0.841922251,-0.603307825,-1.004275637,-0.206847366,-0.616821716,-0.351474176,-0.023776085,0.539247726,0.270758477,0.768200407,0.890081729,0.880350555,0.985879401,0.511503392
3.098480254,2.352367679,1.276413825,0.342415178,-0.778947371,-1.320329873,-1.558605191,-2.359156815,-2.611134074,-2.157961601,-3.117612425,-2.36846581,-1.308741393,-1.620530416,-1.181002713,-0.86544784,0.115214735,-0.165361932,0.555607285,1.221593826,1.322419048,1.632636716,1.570521667,1.682067826,1.080411683,1.275376796,0.589841698,0.896128869,0.317201439,0.246821701,-0.352275316,-0.409781969,-0.461881193,-1.402306169,-1.497106003,-1.548018062,-0.873736037,-0.91979144,-1.0772928,-0.361748652,-0.502124202,-0.711026281,-0.337731829,-0.201944499,0.593853789,0.38796857,0.391548926,0.642833503,0.632712877,1.060479109,0.924047608
3.190268051,2.135731336,0.984390604,-0.128800576,-0.439530062,-1.879147459,-2.132325468,-2.614730535,-2.685188532,-2.767623198,-2.370817851,-2.514583047,-2.12150055,-1.477384493,-0.769924956,-1.022462806,0.36691534,0.1425296,0.917389248,1.34224131,1.653553117,1.347315808,1.544990197,1.471259159,1.25085039,1.288783024,1.071144319,0.612229606,0.427933898,0.751386043,-0.219799995,-0.314367086,-0.841034026,-1.039350814,-1.116705724,-0.948789701,-1.286268852,-1.484324951,-0.888374787,-0.845613961,-0.46657105,-0.293169459,0.099334314,0.36955221,0.023722607,0.157103943,0.81012996,0.863708936,0.607030392,1.156587258,0.812967792
3.67446457,2.081830521,0.912926433,0.329039881,-0.748532699,-1.5657446,-2.194078027,-2.742365745,-2.528318615,-2.68033661,-2.410681959,-2.61845516,-1.585877151,-1.38086591,-1.432577152,-0.294566089,-0.229917305,0.437678581,0.810321663,0.860299777,0.607429833,1.610544374,1.453402132,1.362386164,1.506993838,1.048435403,1.149281227,0.738032752,0.147014195,0.292198086,-0.099281234,-0.178901356,-0.94855485,-1.131199896,-0.951927475,-0.923170854,-0.878854927,-1.019460935,-0.96065184,-0.573304883,-0.04543979,-0.093174887,-0.061811211,0.00073542,0.480069839,0.417222529,0.744133036,0.981673128,1.072888741,0.994271205,1.149198383
3.488336731,1.957602622,1.089939285,0.352553683,-0.696794883,-1.400158509,-2.058675683,-2.409010751,-2.592429269,-3.300827728,-2.392092728,-2.006756725,-2.240744005,-1.883158985,-0.885667763,-0.935711643,-0.502873391,0.559367226,0.591885476,1.391075805,0.999713669,1.323067431,1.599335262,1.649188164,1.519174241,1.268719834,0.924032227,0.555504176,0.514964211,-0.013717562,-0.112504591,-0.220016356,-1.28773216,-0.456261304,-1.188274052,-0.760814593,-0.697986051,-1.388315281,-0.857444202,0.130054822,-0.590229599,-0.19275029,-0.000224171,0.461339456,0.627760732,0.301635997,0.574896841,0.872916248,0.827219663,1.480980398,0.914376173
3.476751009,2.67336952,0.851416533,-0.087495834,-0.269266679,-1.36148235,-2.019897114,-2.257863317,-2.632697586,-2.674078529,-2.587111058,-2.392816747,-2.152267759,-1.51762894,-1.184591782,-0.198367172,-0.024141174,0.617467314,0.720498433,1.059462277,1.637341461,1.84378905,1.547146673,1.934970414,1.521197801,1.312988138,1.529483647,1.084229663,0.62165897,0.183555494,-0.352503977,-0.520746692,-0.269899172,-1.412758004,-1.189503322,-1.137129951,-1.048815305,-1.467058266,-0.769411904,-0.554077192,-0.771606649,-0.379142668,-0.386331659,0.550501352,0.448510283,0.475525701,0.453157651,0.811776162,1.262890468,0.916051576,0.893037159
3.087955403,1.995060751,1.015005727,-0.329148557,-0.819337227,-1.321146337,-2.103539637,-2.54691396,-2.490630945,-2.325812262,-2.602063515,-2.370996576,-2.275290939,-1.747095922,-0.88944694,-0.587244628,0.108117532,0.52959754,0.849401989,1.271513256,1.703647734,1.620861598,1.645404714,1.501118135,1.091699908,1.094617665,1.062946294,0.422452543,0.511889997,0.163643818,-0.192903117,-0.416584175,-0.719443276,-0.912895023,-1.032448439,-0.857565362,-1.108492144,-1.681374702,-1.023216289,-0.687517751,-0.296642366,0.030760164,-0.31831136,0.334580962,0.414612293,0.486155285,0.690706427,0.780088304,0.87691029,0.906633272,0.636827632
2.93408749,2.16743443,0.647301912,0.258512522,-1.025206572,-1.75167485,-1.561731093,-1.831809104,-2.771480931,-2.610344639,-1.999660524,-2.389385106,-1.486959829,-1.297714824,-1.027040381,-0.64711233,0.340264466,0.539885777,0.597265082,1.178031649,1.103289382,1.513891907,1.921880983,1.644812818,1.212348882,1.307851618,0.807032791,1.20513708,-0.053580967,-0.08188629,-0.025045142,-0.697028094,-0.72092714,-0.743747533,-0.715834265,-1.321699142,-1.128353482,-1.139006377,-0.930237163,-0.644138434,-0.691226738,-0.11429215,0.023728562,0.026281247,0.424120126,0.784305425,0.932798486,0.95416336,0.825570902,0.692212068,0.860740881
3.531995314,2.511815893,1.333453394,-0.445803398,-0.603407356,-1.472890825,-1.925802737,-2.509258334,-2.979407638,-2.377883922,-2.61717541,-2.336766301,-1.874247327,-0.868481887,-0.467513924,-0.888496226,-0.20155654,0.608968674,0.237199458,1.390856582,1.243969878,1.826479049,1.318941111,1.281232764,1.980866386,1.367858884,0.904041558,0.44206735,0.6706816,0.168517831,-0.783906782,-0.717764274,0.017108052,-0.910322913,-1.530143724,-1.311932972,-1.190859665,-0.847443666,-0.942366965,-0.711115997,-0.541037533,-0.554402704,0.210255961,0.053045765,0.23927952,0.586996043,0.667785001,0.656728546,0.873595448,1.375491345,0.940035088
3.296636752,1.975660494,0.662442872,0.836163858,-0.398629457,-1.564816051,-2.038090901,-2.282679856,-2.569695891,-2.743672182,-2.25690283,-2.538897712,-1.427026228,-1.943474262,-1.121754172,-0.340682948,-0.053544009,-0.013640523,0.985914871,1.120661281,1.119112063,1.577583072,1.727950811,2.057960798,1.378820025,1.147304061,0.855282068,0.218558633,0.525189083,-0.430612195,-0.285367855,-0.560700834,-0.514112998,-1.600176699,-0.80074023,-1.21974273,-1.409137107,-1.023267778,-0.843340621,-0.842559082,-0.903935087,-0.012715852,-0.033609895,-0.032354947,0.659223996,0.630041255,0.367642736,0.942373597,0.392956859,0.582776857,0.842600934
3.573808034,1.652372168,1.132563033,0.324613599,-0.686341046,-1.249614324,-1.479073964,-2.060258477,-2.847458001,-2.80860351,-2.520856207,-2.414966277,-1.936073269,-1.195638702,-1.173762049,-0.630357197,-0.13992427,0.530753968,1.014666066,1.042484422,1.243509437,1.710054218,1.719732482,1.633897081,2.218815343,1.228780772,1.0668022,0.679425639,0.548949189,-0.0482592,0.034018209,-0.034667261,-0.704077169,-0.92446252,-1.171125309,-1.208322659,-1.511767696,-1.034518267,-1.122014807,-0.422537299,-0.49761253,-0.30058776,0.26669266,-0.299548158,0.437545696,0.273772957,0.523679337,0.851721277,1.064744084,0.638081124,0.943001875
3.665305827,2.400152057,1.313974673,0.459574823,-0.700005087,-1.17404391,-2.01233252,-2.175030055,-2.917557103,-2.215555729,-2.934138218,-2.202904379,-2.002888254,-1.792412606,-0.956964006,-0.475770231,0.269779484,0.396338907,0.8998631,1.140622049,1.689697554,1.759294049,1.54157475,1.5429343,1.847123445,1.160987516,1.195981584,0.480719691,0.204357411,0.298686274,-0.055832191,-0.227419752,-0.883697033,-0.652883985,-0.987277538,-1.101797667,-0.663597698,-0.661827132,-1.464448367,-0.647387875,-0.749133305,-0.38920869,-0.241507599,0.550483277,0.665399714,0.677068785,0.860376031,0.901651915,1.012816506,0.910059121,0.76008884
3.528178874,1.98733581,1.310285137,-0.254554869,-0.573892204,-1.325158789,-1.734263849,-2.727340599,-2.617570575,-2.596603975,-2.465323662,-2.035229362,-1.741162225,-1.339662952,-0.996287993,-0.139828396,-0.164297216,0.387410135,0.611283009,1.064468025,1.504176714,1.169820092,1.586644109,1.328146283,1.599361792,0.729510025,0.492602413,1.106381768,0.357488901,-0.409076429,-0.639442852,-0.513673242,-0.648552663,-0.822994936,-0.763511017,-1.006693765,-1.104254978,-0.759149047,-0.386963069,-0.729836819,-0.59670399,-0.054702135,-0.209751774,-0.22640599,0.328510203,0.599564634,0.720969885,0.507589726,0.692585223,0.677364688,1.043478426
3.652971039,2.104095477,0.931876893,0.270939023,-0.989773152,-1.742787039,-2.098180269,-2.13343525,-2.526841139,-2.53984679,-2.209224103,-2.195661534,-2.200976397,-1.292143485,-0.921835131,-0.580928419,-0.186281763,0.225977349,0.749454395,0.879721638,1.194732182,1.104986706,1.409250987,1.338543615,1.546678605,1.584597324,1.240354679,0.962014258,0.563896552,0.219639251,-0.030411308,-0.674402564,-0.517098574,-1.20701895,-0.875565588,-1.298032304,-1.328507768,-1.134465954,-1.227355667,-0.732516457,-0.258908124,-0.376664404,0.040979958,0.184873309,0.658087427,0.498669754,0.757764386,1.404039679,1.12837895,0.613775948,1.084662828
3.045053749,2.163682295,1.16644212,-0.102742468,-0.755831902,-1.564168984,-2.117294015,-2.177573098,-2.362580408,-2.314006235,-2.761651507,-2.288349082,-1.752562845,-1.826032157,-0.559235593,-0.500518059,-0.219278444,0.6203263,0.849740205,1.107163886,1.152732699,1.035307456,1.298019529,1.350442718,1.515397606,1.374480138,0.785158303,0.907352435,0.561698168,0.051615378,-0.455715694,-0.268932821,-0.757829581,-1.160752622,-0.967187203,-0.959032813,-1.451291474,-0.554486856,-1.438941799,-1.145319322,-0.230568136,-0.233027428,-0.190173712,0.147262958,0.537961799,0.321242959,0.916561522,0.961440271,0.830532922,0.895039512,0.647524074
3.458813074,2.416766507,1.131403431,0.174604541,-0.693301846,-0.802817269,-1.790353852,-2.591527646,-2.871023301,-3.004792169,-2.030391399,-2.459049952,-1.668301883,-1.369212448,-1.422602369,-0.0531162,0.055051131,0.817158778,0.841117188,1.124740424,1.067950209,1.486055416,1.573192285,1.131587812,1.397536048,1.261667252,0.801195797,0.802959226,0.091686143,-0.060445574,-0.191560428,-0.643216833,-0.61995053,-0.998083575,-1.248787751,-0.857030672,-0.93587355,-0.878248083,-0.730401243,-0.484155022,-0.288855239,-0.305898297,-0.195512958,0.116699866,0.664596865,0.238783624,0.543423145,1.047938232,1.053320939,0.723352677,0.753010386
3.790291722,2.244325552,1.039642429,0.044070062,-0.514298395,-1.392447197,-1.890419412,-2.895030597,-2.610170257,-2.596285199,-2.705418358,-2.260055874,-2.066915093,-1.285191448,-1.183623705,-0.232661121,-0.093683913,0.586005869,1.326670075,1.096556898,1.696427134,1.208539489,1.994747618,1.209743589,1.385917762,1.139146501,0.694195791,0.37329796,0.556439657,-0.264310288,-0.553079127,-0.209724814,-0.724975153,-0.812460366,-1.255591864,-1.13912773,-1.009148688,-0.979224086,-0.454659093,-0.892530769,-0.574063148,-0.106267168,0.154077326,-0.349070458,0.257162517,0.369070843,0.68051638,0.915904777,0.953027921,1.132461305,0.916635066
3.032337998,2.493825066,1.513099719,-0.417331558,-0.564965325,-1.560772726,-2.128861594,-2.594680496,-2.250804273,-2.505281951,-2.520128362,-2.150006722,-1.663030324,-1.720046267,-1.239590709,-0.386705426,0.313395375,0.674667888,0.726555189,0.746907619,0.737078379,1.245014716,1.821303338,1.374568995,1.473198587,1.274050412,0.430792659,1.013076638,0.901020171,0.07326642,0.03173743,-0.681276244,-0.5763629,-0.376577081,-0.702327617,-1.264914523,-1.340787387,-1.007809558,-0.960933583,-0.752194153,-0.218795644,-0.259036338,0.333060355,0.133623967,0.321823319,0.736548608,0.791089763,0.734635616,0.444780739,0.56814156,0.958928574
3.710192333,2.029414058,1.271750344,-0.24802121,-0.39877041,-2.025793859,-1.928742393,-2.267154031,-2.771836836,-2.84269693,-2.338074472,-2.513371365,-1.923395156,-2.207608593,-1.561182977,-0.570019279,0.196465892,-0.050252721,0.92512287,1.203430864,1.175662629,1.470674385,2.086739712,1.161705624,1.522290534,1.272743252,1.062004659,0.698838266,0.465191187,0.020155787,-0.641273342,-0.637946866,-0.666788503,-0.842684784,-0.879344852,-0.534687805,-1.499416723,-0.850985631,-0.867721464,-0.74600702,-0.709857226,-0.346202184,0.08714501,0.250917585,-0.046285188,0.764801338,0.746900163,1.260668133,0.563725843,0.666726283,0.366668116
3.417191871,2.13888031,1.13205666,0.094601789,-0.606258331,-1.63269338,-2.038973608,-2.311888997,-2.660682708,-2.53097114,-2.934024558,-2.13967406,-1.800880055,-1.502963766,-1.129155278,-0.66707881,-0.509216382,0.63605236,0.914399095,0.808053973,0.953463415,1.380343196,1.709120624,1.720013215,1.53591522,1.412861725,1.420205384,0.274230276,0.512220972,0.069414637,-0.405127222,-0.312751809,-0.726777411,-0.607352759,-1.288763242,-1.301821083,-0.977528556,-1.24296925,-0.871370636,-0.83698638,-0.262403337,-0.205152269,-0.184696623,-0.015308606,0.253911881,1.136714264,0.672115873,0.736467103,0.792436995,1.226315733,0.371662787
3.407514113,2.056580929,0.992366019,-0.186955824,-0.948186801,-1.620817322,-2.055902422,-2.225414988,-2.571921901,-2.621022569,-2.699290218,-2.009663494,-1.857466299,-1.361154959,-0.986098026,-0.356903243,0.295108829,0.25421482,0.891096212,1.249675025,1.320588045,1.954640879,1.294257496,1.390318577,1.421740149,1.227405834,0.925787498,0.580382012,0.600990745,0.067889767,-0.419599434,-0.063733369,-0.497359598,-0.535170912,-1.036945969,-0.610973086,-0.855964788,-1.473112927,-1.218005754,-0.590602503,-0.565619908,-0.350273998,0.185746938,0.569911194,0.452941015,0.570081543,1.247254383,0.784441597,0.729183213,0.698474332,0.620797418
3.195945245,2.185748434,1.030702795,0.393398273,-0.6557175,-1.201450042,-1.853703546,-2.12009669,-2.590285861,-2.57229404,-2.64745077,-2.157425397,-1.147767562,-1.478270304,-1.05231925,-0.344267077,-0.473927543,0.644180265,0.54356314,1.221726843,1.391929003,1.459899239,1.359591902,1.616178807,1.683405638,1.391516393,1.33050638,0.353161099,0.399659536,-0.254597772,-0.189249601,-0.356534881,-0.917315652,-0.586675069,-1.148973051,-0.934071383,-1.172808408,-1.210669285,-1.085970071,-1.099269097,-0.156384483,-0.926130238,-0.405457052,-0.351779512,0.019395477,-0.15971102,0.835068212,0.797221756,0.58409109,0.52199283,0.475220055
3.585914655,1.923483163,1.133896426,-0.037550218,-0.361160735,-1.435336707,-2.290542414,-2.400171012,-2.454398807,-2.075936398,-2.480519655,-2.111425368,-1.616154239,-1.375473902,-1.258361018,-0.599097135,-0.247479093,0.538811135,1.140535357,1.074364641,1.586470209,1.302466094,1.578736807,1.467733344,1.809830464,1.294346564,1.173411758,0.615011735,0.236493256,0.181666342,-0.422518126,-0.83237524,-0.800928534,-0.507587719,-1.128339233,-1.034722034,-1.234314531,-1.533686486,-0.901572018,-0.313095183,-0.619454994,-0.601857071,-0.330613507,0.235411404,0.250049357,0.784154071,0.615580332,0.265730108,0.731952692,1.025217844,1.061333842
3.632777609,2.070788648,1.076428161,0.379507642,-0.717904727,-1.454970108,-2.092137961,-2.468562189,-2.302160661,-2.733997118,-2.502229143,-2.512773349,-1.765399424,-1.440372862,-0.93053465,-0.565562546,-0.268547436,0.340794435,0.434428812,0.99520112,1.899577208,1.894733836,1.755855358,1.621366968,1.608904501,1.318230776,1.21442101,1.001749149,0.13952948,0.035243244,-0.224696186,-0.630722545,-0.973945083,-0.589351269,-0.863305621,-1.317623149,-1.349053573,-0.914288432,-1.073888376,-1.036084964,-0.598437406,-0.525504359,0.129458875,0.721007179,-0.070105995,0.747624361,0.790129751,0.5764722,1.082234997,0.625143051,0.33415239
3.769323033,2.496464767,1.019943305,0.16694317,-0.672159254,-1.630517917,-2.012242875,-2.519834777,-2.549472664,-2.198572972,-2.537170115,-2.43700886,-1.571976151,-1.284399841,-1.172271003,-0.743080458,0.269700958,0.369965778,0.801769742,1.167170529,1.16551529,1.748876304,2.127195643,0.889894764,1.451757054,1.457195877,0.782524384,0.72274252,0.43749223,-0.066947012,-0.041266458,-0.188230317,-0.66959275,-0.814965726,-1.166884245,-0.810306719,-1.108451711,-0.910924052,-0.607988355,-0.810820195,-0.585118813,-0.291681699,-0.13877433,-0.172868221,0.475733228,0.177865211,0.608408376,0.435013252,1.167182572,0.868584348,0.924453092
3.722684601,2.47566834,1.082208774,0.184015293,-0.528962802,-1.557002137,-1.873019269,-2.200605483,-2.473673795,-2.9562153,-2.574328142,-2.748379253,-2.012088642,-1.700131346,-1.064930685,-0.464479312,0.12448077,0.326331522,0.765491917,1.333170881,1.646958054,1.531053501,1.754225584,1.329375628,1.798671067,1.055162444,0.789599853,0.834839464,0.378510779,-0.313632177,0.051458485,-0.318141466,-0.313492888,-0.833671254,-0.854013266,-1.377791741,-0.62101786,-0.428223614,-0.997008783,-0.910205455,-0.286545352,-0.598140689,-0.044543107,0.110659306,0.561789682,0.046037234,0.715381084,0.852590221,0.399046679,0.807526685,0.962008723
3.386783075,2.193427239,0.601928078,0.338235554,-0.73520868,-1.58357221,-2.000014226,-2.399657035,-2.108655765,-2.877793781,-2.6307948,-2.188617022,-1.452794855,-1.438332841,-0.763136368,-0.37067616,0.096713543,0.684007926,1.328263456,1.116746314,1.250274742,1.523459109,1.463116049,0.934014785,1.373277938,1.262815413,0.889908776,0.646089972,0.703903271,0.103620617,-0.225382937,-0.65727931,-0.864710144,-0.932607128,-0.998277252,-0.992776843,-0.677073461,-0.681947067,-1.20097795,-0.297362953,-0.782947587,0.328481928,-0.033123702,0.034681989,-0.150193669,0.438753459,1.070057653,0.683945972,0.72911537,0.518984231,0.511234521
3.160330395,2.228308573,1.58818445,0.346569676,-0.778068496,-1.355276784,-1.408684769,-2.022244083,-2.898761577,-2.554903695,-2.22419778,-2.638030899,-1.844168008,-1.519707826,-0.968827302,-0.760099995,-0.539769129,0.094015027,1.224179114,1.047416442,1.084897083,1.843620482,1.768657812,1.296202289,1.671003542,1.498454645,0.788043637,0.835279683,0.302158852,0.39569087,-0.533424927,-0.594076294,-0.520201687,-0.927264788,-0.886160688,-0.655542842,-1.192473808,-1.295044397,-0.511107516,-0.845860137,-0.457001891,-0.459811593,-0.475144355,-0.092469877,0.683191596,0.434463085,0.646975925,0.862120514,1.136025053,0.885336041,0.740092517
3.345366167,2.365070992,1.078422294,0.356529952,-0.855609423,-1.482914454,-2.386449861,-2.296841576,-2.544227616,-2.469058423,-2.40586165,-2.421652289,-1.750326256,-0.850127508,-1.201286585,-0.325759661,-0.227464442,0.135016664,0.4747531,1.223692014,1.331090804,1.6950803,1.491408061,1.218010307,1.352678549,1.202413689,1.134583502,0.397700093,-0.065937959,0.197701006,-0.412045006,-0.614636153,-0.587803505,-0.902798249,-0.989027859,-0.793853258,-0.819407579,-1.020190124,-1.034596735,-1.03495721,-0.457631755,0.263948383,0.178824164,0.200603266,0.08065965,0.23178327,0.552015493,-0.148434395,0.946167623,1.158110349,0.832360767
3.008774239,2.283865583,0.866560323,-0.042666397,-1.108644535,-1.625809066,-1.899487963,-1.979528576,-2.849548725,-2.514752575,-2.359564603,-1.993327511,-1.601368511,-1.779136771,-1.025577303,-0.251157575,0.053253577,0.712117164,1.059578146,1.665799953,0.667773958,1.393692909,1.454253078,1.155945176,1.271956482,1.576413884,0.996306832,0.940454694,0.803570721,0.01042335,-0.320312819,-0.821222731,-0.794723377,-1.08605452,-1.085080315,-1.146324924,-1.267975066,-1.307258952,-0.996100619,-0.732853681,-0.760490737,-0.226261087,-0.118977452,0.079199837,0.583065503,1.114794255,0.896432486,0.947783797,0.843000519,0.879683354,0.950072132
3.509645766,2.194442419,0.661856909,-0.039830868,-0.811356292,-1.454735058,-2.429065312,-2.308571121,-2.184398716,-2.999263893,-2.38071395,-1.918405659,-1.82124885,-1.355400831,-1.159680142,-0.605128255,-0.369201712,0.331746661,0.617301572,0.915341858,1.684592523,1.447391209,1.696395157,1.605677676,1.148543827,0.748391029,0.623044343,0.769293642,0.31954191,0.272866326,-0.312895348,-0.822518552,-0.701316292,-0.63211936,-0.963904249,-1.136417984,-1.191117357,-0.704057726,-0.673102002,-0.843923021,-0.873171379,-0.542708522,0.000386223,-0.128783256,0.258394404,0.507639855,0.519577246,0.63099172,0.785242388,0.709526488,0.469148543
3.390365369,2.242865658,0.880735789,0.213796315,-0.757613813,-1.421026361,-2.089439417,-2.211560142,-3.176463087,-2.559662155,-2.228359883,-2.301985175,-1.771802382,-1.651540709,-0.997733535,-0.704825223,0.203233609,0.479608885,1.099437759,1.069410082,1.307952465,1.554981568,1.901009136,0.914313916,0.983127172,1.537543878,1.454867099,0.649114931,0.733297274,0.625538916,-0.17048448,-0.605824575,-0.844697688,-0.971413722,-0.830590487,-1.132590941,-0.576556782,-1.106008557,-1.080642793,-0.60038024,-0.477745188,-0.198689363,-0.60641454,0.106863305,-0.103249188,0.58458334,0.875768894,1.082005836,1.030062446,0.968256111,0.998574213
3.106946375,2.211402399,0.959614525,0.095821917,-0.581713131,-1.708938279,-2.047548719,-2.797494451,-2.662474689,-2.353869291,-2.926836115,-2.156605767,-2.254335778,-1.447918331,-1.153493503,-0.628463162,-0.483995049,0.13435603,0.707200736,1.097769768,1.274951427,1.316348144,1.871050129,1.463235023,1.208291443,1.031193802,0.9625838,0.932559431,0.288702034,0.300881992,-0.161277363,-0.632774322,-0.929704738,-0.863045328,-1.056090711,-1.316176792,-1.284469727,-0.886306204,-0.771262812,-0.814360256,-0.330040992,-0.401806095,-0.111821123,0.453069365,0.220151934,0.027509796,0.362301588,0.859823269,0.787872447,1.535071795,0.45094566
3.150217564,2.492289803,0.949904799,-0.121575774,-1.089282209,-1.841980152,-1.940426272,-2.455341721,-2.36954045,-2.615255733,-2.54283314,-2.684684892,-2.110201754,-1.476559488,-1.147956874,-0.240069286,-0.540880486,0.316823691,0.78409996,0.899260653,1.35078048,1.891972423,1.276314263,1.424130498,1.047495525,1.402839962,0.679969808,0.48575983,0.750582243,0.288845673,-0.406901024,-0.237807043,-0.890173202,-0.880874502,-0.571667263,-0.525638312,-1.196672037,-1.028590998,-0.641906119,-0.584632191,-0.594828362,-0.366688372,-0.278952572,-0.423631175,0.315969263,0.238781498,0.627536515,1.404185931,0.850292018,1.224618649,0.527036195
3.612884818,1.764740711,0.472393529,0.043311949,-0.691619105,-1.156217255,-1.979453989,-2.133797855,-2.506521479,-2.43120811,-2.732604069,-2.273420282,-2.065783248,-1.561914218,-0.466758023,-0.909870022,-0.074478572,0.281898009,0.850301743,1.528019776,1.550858436,1.312427107,1.180469855,1.723849162,1.154236187,1.042039836,1.097820975,0.319696307,0.783905756,0.108695911,-0.276430814,-0.28998664,-0.523845904,-0.969674072,-0.754675705,-0.99810132,-0.810883383,-0.955219559,-0.949451991,-0.299323712,-0.732374429,-0.156049783,0.422651928,0.041026881,0.513791163,0.618136878,0.597460208,0.786222519,0.996266708,1.429356614,1.026321801
3.440234018,2.336357671,1.477182095,-0.429658833,-0.566524028,-1.515606922,-2.028198602,-2.513006185,-2.508122871,-2.665736877,-2.645102384,-2.388969944,-1.762265291,-1.379760129,-0.765765617,-0.46809484,-0.119496371,0.077530266,0.834152048,1.003203784,1.378158602,1.695300457,1.415699597,1.391285766,1.337467301,1.274004656,1.490717742,0.482084678,0.729825637,0.029132495,0.006565588,-0.477016129,-0.858952141,-0.97218126,-0.790540444,-0.773232747,-0.845628665,-1.162028598,-1.223884766,-0.636293235,-0.404577854,-0.942458616,-0.076887716,0.668253959,0.308023043,0.377200618,0.432579983,0.334371141,0.719460508,0.922593936,0.558738014
3.273249349,2.014315486,1.143120759,0.025220779,-1.1452188,-1.329987352,-2.100358912,-2.522412635,-2.779610586,-2.402610247,-2.517643981,-2.642521776,-1.373637186,-1.588090934,-0.973156126,-0.470124214,-0.409654299,0.667408808,0.818235423,1.115763449,1.660439778,1.516429336,1.108340246,1.507835933,1.694014015,1.524013792,1.047652469,0.276940027,0.668954458,0.068644486,-0.169935287,-0.171624738,-0.624709976,-1.837934151,-1.44619305,-1.296931278,-1.408707327,-0.982722224,-0.863688876,-0.909788455,-0.244208519,-0.511341552,-0.169343702,-0.022480548,0.131016356,0.55190292,0.335982604,0.709063162,1.049401606,1.050681772,0.318195596
3.436158349,2.444066963,0.99485626,-0.045006034,-0.640873618,-1.551688461,-1.786415146,-2.73837235,-2.235070042,-2.783737018,-2.430774168,-2.371288335,-1.737943123,-1.857040958,-1.307744023,-0.150736072,-0.326870108,0.187532782,0.771035342,0.880173809,1.35945644,1.770637066,1.556082454,1.943397473,1.03983062,1.149694848,0.762973078,0.792433435,0.079426795,-0.356908028,-0.316291759,-0.945702206,-0.949925462,-1.044206889,-1.447856982,-0.948949301,-1.009480976,-1.177875432,-1.249763587,-0.805334064,-0.57853545,-0.857557725,0.243908935,0.25324636,-0.083254291,1.032768518,0.646134985,0.4187634,0.61030934,0.912913527,0.444766158
3.367218452,2.286743484,0.791877233,0.382568326,-0.474629892,-1.499412264,-1.855784218,-2.677055407,-2.423693104,-2.633159747,-2.088282034,-2.493586797,-1.413458473,-1.497645676,-0.929543647,-0.196448671,0.19271473,0.143157284,0.526646209,0.851144548,1.591467347,1.442731028,1.427733741,1.532480133,1.661207697,1.181133164,1.058804012,0.121457151,0.22794795,-0.183655701,-0.377697484,-0.682434734,-0.830925631,-1.030213367,-0.865822628,-0.730908388,-1.469642319,-0.582877122,-0.580916078,-0.713099552,-0.141548211,-0.253125012,-0.33800904,0.426324106,0.913249356,0.344686876,0.434157305,1.071692667,0.835832611,0.506278652,1.11379386
3.321694764,2.004536983,0.875478551,0.308640585,-0.757022803,-1.290169834,-1.910177241,-2.138457262,-3.130962544,-2.856612961,-2.533382724,-2.16734048,-1.629227646,-1.662572825,-1.192157446,-0.63011975,0.090782265,0.38873187,1.03688148,0.886867077,1.425563184,1.57345266,1.127909518,1.585948081,1.837189076,0.92140928,0.822213151,0.44611891,0.677110906,-0.05613792,-0.030068979,-0.903132775,-1.181037248,-0.658042392,-0.88193239,-1.019910588,-0.844117169,-1.004190497,-0.866702498,-0.955233236,-0.534196524,-0.589400244,-0.305620404,0.025055948,0.389816033,0.938957368,0.778904133,0.888647298,0.977640365,1.148153673,0.949819542
3.638607272,2.10625256,1.207709533,0.142537485,-0.543370966,-0.98416711,-2.237229884,-1.84742101,-2.513045528,-2.80084088,-2.692996414,-2.224876435,-1.881830053,-1.399939073,-0.834168915,-0.468432718,-0.339150354,0.189583398,0.565733908,0.932236867,1.411568009,1.561834487,1.482026918,1.262141888,1.320803264,1.370117473,0.949081974,1.060393327,0.190245548,0.156535401,0.069934541,-0.707009147,-0.739422966,-1.2110681,-1.263034833,-1.451750769,-1.319571328,-0.929180446,-0.961716569,-0.590750252,-0.279637929,-0.223681707,0.110924802,0.33310937,0.944461798,0.727549753,0.311521937,0.86105322,1.008673039,1.082900732,1.008999455
3.871519585,2.170712003,1.431188681,-0.072103743,-0.686139166,-1.438962459,-1.818546774,-2.676139758,-2.410597293,-2.558925683,-2.408221874,-2.511471391,-2.01472986,-1.888701984,-1.224386235,-0.801305982,-0.170429581,0.404433504,0.967445737,0.812584347,1.396185319,1.74827694,1.779240268,1.113239288,1.585270157,1.178663825,1.326835398,0.932633905,0.30763248,0.150346233,-0.0901956,-1.107237433,-0.878896241,-1.006243062,-1.316447375,-1.648021227,-0.875874689,-1.174534747,-0.608638956,-0.976070259,-0.298291469,-0.138459274,0.057028311,-0.11513554,0.31055327,0.420764013,0.444549943,0.675854755,0.436527073,0.80788813,0.75535025
3.517870418,2.144488389,1.371006416,-0.249056563,-0.159036207,-1.137016938,-2.071064391,-2.300400975,-2.784830077,-2.833771169,-2.471372678,-2.007902396,-1.684875388,-0.969791962,-1.122378821,-0.614584362,-0.766598174,0.284986098,0.791983152,1.089283219,1.160868118,1.154803796,1.43615756,2.061987212,1.170003889,1.221521684,0.692078026,0.991441199,0.591452921,0.123076016,-0.229793125,-0.122224126,-0.58095648,-0.908264277,-0.996092714,-0.705183196,-0.96217447,-0.953873362,-0.759535607,-0.761157896,-0.783378672,-0.222418942,-0.488520372,-0.029173,0.619617791,0.364604085,0.752049796,0.73329372,0.911184698,0.953136674,0.679483964
3.585161674,2.404557554,1.112157619,0.643600073,-0.815531244,-1.589829748,-1.872822705,-2.697980843,-2.669542557,-2.736101661,-2.148794043,-2.077606214,-1.764443223,-1.272713042,-0.816072271,-0.550651652,-0.4369871,-0.058091876,0.764901363,1.495715668,1.530529696,1.73856921,1.987365855,1.39057043,1.243858374,1.496330673,0.802228173,1.250313756,0.617498125,-0.07586734,-0.311284154,-0.361473725,-0.547174328,-0.615279786,-0.9452669,-1.343611582,-1.062597681,-1.40513958,-0.757624377,-0.593494627,-0.499902901,-0.545751803,0.235339695,0.391344152,0.177166722,0.204672877,0.935580794,0.939238749,0.850801614,0.91107424,0.979005363
3.155888819,2.137651637,1.249959262,0.572875213,-0.886849929,-1.341754488,-2.12363493,-2.35004361,-1.871015023,-2.555749958,-2.63964781,-2.003762417,-1.685132752,-1.883086763,-1.200941924,-0.670834799,-0.146439527,0.388350505,0.615365629,1.188210445,1.440468861,1.266012937,1.632891212,1.23138676,1.608488059,1.167393892,1.161489772,0.451941324,0.590310121,0.0139238,-0.236068799,-0.559873757,-0.557588943,-0.456701404,-0.806234328,-1.082566665,-1.27277812,-1.000076448,-1.15108369,-0.758349455,-0.301054688,-0.336195546,0.215248551,0.019821882,0.464518748,0.620759697,0.334486162,0.656640809,1.093050107,0.56278938,0.766402814
2.995877889,2.521935255,1.283442274,0.186088352,-0.387292134,-1.013330965,-2.202445077,-2.361929431,-2.458894697,-2.5709909,-2.439710202,-2.205779832,-1.644692942,-2.189847805,-1.04239354,-0.62143924,-0.200198862,0.398125528,0.889008807,1.008614946,1.32731316,1.064176097,1.260338724,1.418523199,1.359670399,0.9541113,0.68632238,0.85353759,0.42855108,0.427216416,-0.08147378,-0.783351783,-1.280042506,-0.872572163,-1.087044359,-0.951289269,-0.85739102,-1.071134107,-0.864482043,-0.916849528,-0.236249644,-0.30134963,-0.216092762,0.030000567,0.809700386,0.665238303,0.789631697,0.871343158,0.955403035,0.965300316,0.806308873
3.343749055,2.153437646,0.713647161,0.078475717,-1.071448778,-1.443081499,-2.300982402,-2.031713838,-2.361417763,-2.735880523,-1.974258364,-1.969479234,-1.702986487,-2.020854577,-1.357359091,-0.734401205,-0.164946278,0.034235335,0.919226221,0.949172041,1.281436823,1.339519125,1.516846614,1.854895865,0.944647801,0.980489467,0.863754813,0.838993369,0.139072631,-0.048204598,-0.042037536,-0.798926499,-0.46349694,-0.821836672,-0.887780854,-1.093651387,-1.335247055,-1.420970166,-0.863333615,-0.557620819,-0.35552224,-0.335832368,0.32908866,0.19062089,0.254385828,0.564554346,0.53052909,0.958993717,1.231008702,1.107258272,0.866780217
3.410718589,2.384255727,0.984705417,0.355554486,-0.831729761,-1.414142057,-1.755900211,-2.225426881,-2.487740274,-2.244463059,-2.71892615,-2.370505462,-1.842285573,-1.591927528,-1.181884758,-0.378735498,-0.209931621,0.460888555,0.709613248,0.970899443,1.437093316,1.549430136,1.045484693,1.427086739,1.132612388,1.248829499,0.802117099,0.696768619,0.708238405,0.508428806,-0.018272011,-0.891472756,-0.358599515,-0.638613434,-0.966899433,-0.482311098,-1.201122081,-0.572667467,-1.178303622,-0.835818154,-0.829711543,-0.173667365,0.008040193,-0.018440529,0.003389349,-0.136154746,0.446116301,0.42847876,1.00709137,1.116593656,0.30417414
3.415055996,2.07545858,1.284492132,-0.109288958,-0.384895578,-1.862655986,-1.936684565,-2.750661313,-2.748074931,-2.869984407,-2.103207134,-2.294948741,-1.834880578,-1.86314392,-1.280939228,-0.47193656,-0.108802389,0.527281023,1.044733579,0.85000278,1.080148683,1.590679994,1.508707553,1.515075561,1.180874636,0.983709192,1.093182469,1.090344998,0.308214973,0.360033073,0.124519485,-0.223943272,-0.346295142,-0.817686181,-1.433819652,-1.295871342,-1.124523983,-1.384075562,-1.032729999,-0.417835945,-0.731691158,-0.263575971,-0.012624595,0.605675627,0.292176361,0.699588881,0.376684551,0.567825648,0.923457905,0.97832493,0.686672901
3.461861202,2.047035233,1.14140493,0.370076885,-0.796531866,-1.744873575,-2.035213918,-2.263881141,-2.634217637,-2.185762177,-2.600703855,-2.360587888,-1.508919327,-1.428006768,-0.907093246,-0.225422228,-0.246818903,0.315698021,0.972828902,0.880685065,1.382495176,1.185802213,1.666240707,2.070765634,1.361631249,1.120288892,1.396754814,0.465807209,0.300695915,0.074793007,-0.066159713,-0.764203525,-0.96734329,-0.83127121,-1.077544296,-1.508930789,-1.516783865,-1.454119514,-0.896726361,-0.623226888,-0.369805801,-0.579817852,-0.585655304,0.292421799,0.334080864,0.533811973,0.582997861,0.709220098,1.317259238,0.808774301,0.932411921
3.197677961,1.691962476,0.690057427,0.075698367,-0.935612549,-1.144497396,-2.472172546,-2.604577716,-2.440971744,-2.483831215,-2.6004645,-2.505176293,-2.509147289,-1.621623143,-0.923535376,-0.589072684,-0.425321665,0.601062235,0.939697388,1.032258622,1.343330832,1.495068021,1.583506695,1.704811472,1.312185202,1.618103395,0.695298046,0.61982053,0.194625318,-0.083445009,-0.630892433,-0.200508568,-0.706328751,-0.939111025,-1.006205128,-1.267618033,-1.178372471,-0.796744829,-0.9183207,-0.608754631,-0.37273156,-0.057280892,-0.216688509,-0.041951083,0.449993761,0.302541146,0.978420241,0.518776569,1.114724256,1.25384901,0.482590733
3.285789676,2.315712459,0.930228772,-0.309165155,-0.443592102,-1.588208515,-1.759277693,-2.263129069,-2.892975897,-2.587296456,-2.321944916,-2.425751398,-2.089914958,-1.422585395,-1.300382391,-0.729253782,0.248429286,0.276165857,0.869120513,0.957646914,0.936864206,1.357044897,1.398527776,1.562121025,1.276503941,1.473453487,0.467531701,0.7975559,0.261788405,0.324139926,-0.2008474,-0.083979189,-0.827528156,-0.98675917,-0.91144564,-0.826557994,-1.387867765,-1.683599716,-0.949282225,-0.674282779,-0.155776243,-0.379495222,-0.059991898,0.311982274,0.200513151,0.284749537,0.627041423,0.34295003,0.968206834,0.588148445,0.415812656
3.663731855,2.234665385,0.794196976,0.192857392,-1.022642642,-1.423239027,-1.398056303,-2.481815724,-2.516245139,-2.314629138,-2.744184505,-1.940737741,-2.016542701,-1.294493121,-1.17436989,-0.126153512,0.215276346,0.190591502,1.212758525,1.009990194,1.524431801,1.52112487,1.537693337,2.019599605,1.017611332,0.841494114,1.184453673,0.159417445,0.600257767,0.409744714,-0.58950906,-0.500074338,-0.875089912,-0.674211517,-1.188576017,-0.888981946,-1.276960226,-0.751738625,-0.808475391,-1.032982201,-0.824346963,-0.300158743,-0.577457784,0.37330075,0.724246859,0.703585578,0.397653028,0.847232466,1.401247123,1.161656848,0.94116425
3.482071722,1.979114238,1.316248679,-0.054875499,-0.973218321,-0.930966481,-1.939501998,-2.045353513,-2.327288855,-2.548515017,-2.152061265,-2.28283902,-1.779821888,-1.891111083,-1.346411275,-0.367524457,-0.171548268,0.259580356,0.851516464,0.422587269,1.232704026,1.206687485,1.656993778,1.51948785,1.019265164,1.196018649,0.925037657,0.831392879,0.238418939,-0.254382084,-0.23680244,-0.366618528,-0.63517518,-0.742232471,-1.264445945,-1.302909041,-1.253166832,-0.866774477,-0.83076864,-0.648766231,-0.282196939,-0.144906879,-0.126485958,0.184765298,0.912152565,0.898667777,0.572387738,0.320954197,0.74371528,0.880794313,0.305306079
3.235949221,1.825752481,1.27766677,-0.028489341,-0.768100188,-1.328885925,-1.988524859,-2.366740438,-2.477288444,-2.463903121,-2.634534462,-2.166315642,-1.764653557,-1.414479243,-1.421594473,-0.27197754,-0.343098715,0.84843739,0.59010213,1.024960359,1.595114515,1.137119855,1.654855202,1.695770118,1.536750685,1.039075416,1.095273501,0.45542211,0.469545111,-0.054953869,-0.170586902,-0.695887659,-0.622116832,-1.030369923,-1.243228796,-1.641547854,-0.968246189,-0.586471935,-1.040520217,-0.37679386,-0.582746771,-0.517379057,-0.062286051,0.04229765,0.528734986,0.323428749,0.716872084,0.859053848,0.873631767,0.918870898,0.698820124
3.511122723,2.088721359,0.997670823,-0.548088559,-1.025410535,-1.581107414,-2.174672847,-2.190513312,-2.452508007,-2.727624917,-2.786572919,-2.058871644,-1.936431458,-1.419126291,-0.954410611,-0.588703955,0.096028345,0.419109183,0.767120176,0.813663422,1.332744766,1.705871564,1.436721981,1.612120027,1.561010011,2.053501833,0.801869001,0.64931671,0.287365836,-0.3002518,-0.171984011,-0.410588361,-0.816013281,-0.918619601,-1.05585401,-1.165481014,-1.299282783,-1.20091224,-1.130936841,-0.561782177,-0.543042308,-0.232308345,-0.258209794,-0.397220695,0.367575495,0.694777695,0.970415437,0.331696828,0.916041765,0.886865204,0.816252236
3.106033151,2.384486137,1.12953507,0.550717805,-0.68720837,-1.923346103,-1.388701809,-2.104166772,-2.931648456,-2.545832433,-2.501540658,-2.443759489,-2.369748468,-1.739396365,-0.972280194,-0.697807807,-0.297307243,0.374408295,1.406897385,1.141258824,1.515113121,1.341310113,1.149558619,1.230079321,1.53783741,1.232899054,0.969699677,0.915539615,0.915129762,0.323723009,-0.301608446,-0.416659941,-0.490117977,-0.889781847,-0.66190421,-0.780924053,-0.936092898,-1.410184984,-1.200696368,-0.988745214,-0.274667433,-0.320802354,0.392333627,0.114269315,0.352497429,0.482225766,1.005501766,1.05056631,0.8884672,0.722171548,0.710868487
3.490620143,2.44426553,0.788572372,-0.200650013,-0.817906964,-1.302413777,-2.226602379,-2.56029046,-2.433117091,-2.522508668,-2.351132342,-2.081185308,-1.655204462,-1.936851821,-1.00475067,-0.466760318,-0.508371816,0.385425717,1.022316404,0.699646713,1.333345073,1.33264134,1.715650152,1.231274306,1.119631461,1.544530418,1.10204038,1.042806534,0.611614675,0.236843629,-0.187879882,-0.822383814,-0.727101411,-0.855825995,-0.903599494,-1.318028381,-1.063054066,-0.591549855,-1.039534743,-0.709983714,-0.492173292,-0.543702957,0.007586669,0.197261086,-0.239139623,1.092199457,1.028338699,1.089826862,1.056209343,0.76166845,0.504927508
3.421780709,1.643904937,1.254303678,-0.473291402,-0.688539779,-0.912258625,-2.050905243,-2.250649403,-2.398419298,-2.694821139,-2.285289325,-2.348036974,-1.696712819,-1.752169786,-1.023305425,-0.631466417,-0.277608433,0.384262239,0.387037459,0.669901392,0.959459597,1.275811747,1.749555834,1.524311412,1.714255624,1.46762948,0.861204338,0.360109581,0.401773252,-0.00396152,0.088122838,-0.675355159,-0.330511266,-0.843816962,-0.914160904,-1.268687651,-1.339844735,-1.065095256,-0.896355153,-1.101736038,-0.50896151,-0.506484887,0.022392323,0.388429435,-0.117597359,0.356842842,0.616755187,0.224217959,0.193283738,0.423855238,1.028564923
3.285242649,2.55659185,1.175354768,0.409955443,-0.918134214,-1.35579307,-2.164752041,-2.841191147,-2.489715003,-2.591320867,-2.680837794,-2.391797207,-2.111195943,-1.372551116,-1.301120805,-0.410864789,-0.15592504,0.303078122,0.536261312,0.870645967,1.154543323,1.246731782,1.362305971,1.351337766,1.022331231,0.784507117,0.199256812,0.836730366,0.151161978,0.138243145,-0.316463784,-0.282482556,-0.630548129,-0.537481778,-0.970715222,-0.955183435,-1.180566662,-1.249757471,-1.332735108,-1.079323762,-0.096387115,-0.638882474,0.045060113,0.161428446,0.527488262,0.482303452,0.616089123,0.944624242,0.762637474,0.90764984,1.158932109
3.273648654,2.169544726,1.107086169,0.067753813,-0.981595402,-1.199185908,-2.134340363,-2.609765903,-3.056977153,-2.919996207,-1.801273646,-2.403628078,-1.545450672,-1.632846103,-0.785423457,-0.707415477,-0.260776703,0.450765521,0.795345138,1.253442655,1.196630394,1.616251267,1.363961755,1.718008712,1.568105981,1.295057604,0.717193456,0.287797623,0.244785671,0.114037009,-0.602107634,-0.363625293,-0.322252941,-1.024975932,-1.066546012,-1.347190068,-1.100515239,-1.241562476,-0.643227647,-0.543986971,-0.478314817,-0.384867168,0.324709525,-0.39513373,0.443190349,0.706141728,0.695896373,1.117739286,0.646082419,0.862426995,1.145951245
3.382758216,2.084544098,0.710269687,0.39593961,-1.014505635,-1.446676828,-1.995239868,-2.085441099,-2.62993055,-2.805674883,-2.631789618,-2.220021359,-1.964001221,-1.870560247,-0.782433509,-0.678572533,0.547525509,0.358387054,0.691843819,1.101274797,1.378098262,1.613552297,2.19562544,1.026106298,1.149200582,1.049846654,1.058482935,0.606395835,0.53544805,-0.264618741,0.070814154,-0.425713135,-0.642938604,-1.214873589,-1.179113175,-1.048877992,-1.27725364,-0.817168199,-1.060521632,-0.933671752,-0.419763931,-0.538234711,0.159493912,-0.23409576,0.171967408,1.046847282,0.472194407,0.670479167,0.911271756,0.936269799,1.536856851
3.666614901,2.612578967,1.318935383,0.222692066,-0.426292134,-1.516517045,-2.082031836,-2.573806585,-2.133109081,-2.013951169,-2.236098964,-2.401716823,-2.21712237,-1.728109781,-1.026595077,-0.880408482,-0.470767409,-0.014767974,0.867907205,0.569853686,1.445760878,1.582459219,1.274924225,1.275349274,1.25754416,1.061437694,1.193232313,0.664439933,0.181960563,0.209071055,0.027119277,-0.923390974,-0.424410125,-1.164827383,-1.516467133,-1.07121665,-0.803149552,-0.715116405,-0.999963334,-0.564101732,-0.567579658,-0.362309821,0.204669429,0.204040448,0.595552614,0.660706375,0.523321926,0.92483834,0.803244531,0.540958605,0.855824092
3.389867252,2.160912057,1.020051346,0.053604548,-0.469564883,-1.821718344,-2.201328856,-2.119146672,-2.449140261,-2.649347912,-2.152041247,-2.279293048,-1.679055075,-1.503454774,-0.593405079,-0.351607528,0.079887336,0.148158257,0.64536034,1.176047666,1.395054365,1.120013735,1.608114054,1.600260742,0.960663205,0.933043455,1.346816299,0.564256801,0.111969586,-0.007096476,0.094179738,-0.384740419,-1.288000348,-1.045183951,-1.428054076,-1.242717492,-1.560887326,-0.853901311,-0.644652817,-0.525176272,-0.286640402,-0.003221659,-0.28661637,0.017114489,0.008632899,0.046712233,0.450678562,0.458838681,0.85517991,0.75351,0.913739515
3.084814101,2.115388639,0.832708658,-0.309118389,-0.526308663,-1.590439156,-2.434792875,-2.628423425,-2.320285853,-2.439383993,-2.462249073,-2.65060799,-2.046437999,-1.743244692,-0.706238231,-0.724439062,0.129769235,0.785982797,1.089768918,1.235298775,1.000381866,2.057673059,1.208514506,1.340293505,1.398179335,1.407524112,1.049843354,0.499541555,0.146177622,-0.292457232,-0.313217208,-0.563928018,-0.760505733,-1.00266297,-0.904416717,-1.125054364,-1.232546576,-1.090311482,-0.491775421,-0.720247845,-0.271243365,-0.409373038,-0.258277184,0.492669436,0.508118083,0.387409012,1.028478808,0.728018264,0.825228198,0.834635018,0.765931362
3.144510226,1.871340224,1.192380045,0.044512053,-1.070290774,-1.298604145,-1.664310319,-2.307212438,-2.496628466,-2.57004402,-2.667289108,-2.249207671,-1.70249486,-1.788357177,-0.802495523,-0.244797892,-0.104597078,0.333398112,1.098177591,1.198313975,1.433913269,1.439217523,1.334872286,1.399018261,1.506670579,0.991446507,0.973796603,0.516297406,0.059606165,0.490491696,-0.000526442,-0.543505195,-0.438590088,-0.886612647,-0.912210011,-0.982598081,-1.010352716,-1.01780287,-0.90442234,-0.917344295,-0.241976096,-0.388836567,-0.093391072,-0.123981763,0.362960103,0.913304716,0.406388429,0.967405206,0.475643811,0.981249802,1.189227006
3.171665031,2.213981167,0.929407635,-0.191259412,-0.744212235,-1.250296625,-1.859932048,-2.371968468,-2.39097443,-2.331292745,-2.525610598,-2.336269233,-1.738422304,-1.504760121,-0.573757708,-0.882820107,-0.456384876,0.096427601,0.790152186,1.065326295,1.263259328,1.710666045,1.500792297,1.640892623,1.809129609,1.510392274,0.859563827,1.255264651,0.637840121,0.140897805,-0.484103836,-0.066220036,-0.75329846,-0.935845032,-1.02291414,-1.033422253,-0.532683789,-0.682953602,-0.92176409,-0.33914756,-0.624498508,-0.581006887,-0.196854423,-0.007400965,0.323961349,0.521077223,0.891069948,0.610862762,1.091875898,0.770643269,0.932669492
3.629783602,2.768228473,1.216147872,0.134185046,-0.464188635,-1.441252993,-2.014235995,-2.608394516,-2.760210395,-2.610342895,-2.324931668,-2.009715161,-2.080075458,-1.620819425,-1.261948302,-0.870959739,-0.009922539,0.287509516,1.089452301,0.972052336,1.541280506,1.348737984,1.651814978,1.819464153,1.355855677,1.275285011,0.323185638,0.582451488,0.444821671,0.110572244,0.197644601,-0.406798362,-0.725810269,-0.776856562,-1.353426298,-1.206890908,-0.961738508,-1.079321024,-1.500126313,-0.555739422,-0.87867753,-0.629998964,0.023463255,0.083619283,0.160287062,0.143340495,0.528944168,0.240293729,0.930505964,0.82840493,0.478293514
3.151697168,2.2031558,0.905463919,0.390767638,-0.842479308,-1.750967979,-1.989072151,-2.568842577,-2.932549399,-2.501870967,-2.631483269,-2.159778108,-1.623712852,-1.514119835,-1.199685835,-0.475985165,0.137524091,0.466759287,0.745318963,1.062314159,1.069116662,1.443218868,1.528711349,1.662542975,1.597830793,1.274515239,0.779038655,0.353993084,0.41756245,0.029485092,-0.180191419,-1.080797378,-0.570364659,-0.829725898,-1.052954057,-1.189159953,-0.937214888,-0.966039957,-1.080805071,-0.733574667,-0.775323969,-0.508906619,0.299244684,-0.322722791,0.04989354,1.200788035,0.708252918,0.886169488,1.181204696,0.361950098,1.244861828
3.570236307,2.177776038,1.252897688,0.245502922,-0.35275746,-1.822519522,-1.827111749,-2.32146068,-2.792695389,-3.015690605,-2.713142434,-2.278262487,-1.814209598,-1.334202302,-1.120256853,-0.616636478,0.085770198,0.569936036,1.056003518,0.605326244,1.020917177,1.548188643,1.801724477,1.287913775,1.329750408,1.106881677,0.964657352,0.587109944,0.584221851,-0.304561171,0.287407674,-0.832871121,-0.473205425,-0.618023924,-1.071900981,-1.044945292,-1.198096991,-0.824817246,-0.821555842,-0.678770447,-0.321634805,-0.335547201,0.217427753,0.138532067,0.528528332,0.557423384,0.813278319,0.832396776,0.989024693,0.742335751,1.104291786
3.073290097,2.542299356,1.41145347,-0.083867291,-1.266718691,-1.703532179,-1.96936208,-2.256215226,-2.487710845,-2.718780529,-2.504991263,-1.80683576,-1.808956036,-1.55539416,-1.036220915,-0.319578116,-0.162404095,0.571308468,0.55468396,0.902118036,1.122606867,1.022585371,1.896173554,1.821674369,1.231039511,1.352674474,1.320157328,0.486512298,0.15027295,-0.020601017,0.026161978,-0.420385952,-0.765412004,-0.632021048,-1.304391254,-1.35208296,-1.081174384,-0.92788358,-0.823233405,-0.972532707,-0.638853009,-0.377930067,-0.035550485,0.182415379,0.410063972,0.351737821,0.82503199,1.049539145,0.792121788,0.761149424,0.930926726
3.400120592,1.916961454,1.256622952,0.205966004,-0.851206119,-1.335233679,-2.080455566,-2.691050529,-2.881132902,-2.635232243,-2.73000107,-2.385362083,-1.903080067,-1.466466274,-1.432297954,-0.480530824,-0.106296172,0.523176271,0.969290193,0.750655967,1.481485158,1.516053537,1.86418131,1.558951003,1.21757375,0.709268124,0.726740692,0.398324878,0.433515317,-0.253687849,-0.56764136,-0.45647329,-0.248891053,-1.124296265,-1.42934478,-1.669975961,-1.307302558,-0.885800148,-0.944954348,-0.731078372,-0.367051207,0.051735355,-0.56485597,0.03664093,0.172507288,0.3682848,0.041091722,0.460619875,1.142109559,1.018992588,0.82749585
3.60596881,2.182513513,1.249828777,0.273276101,-0.706091609,-1.69650088,-1.865872291,-2.478866836,-2.929157551,-2.357587167,-1.878882752,-2.454035612,-1.912302108,-1.19457958,-1.573812473,-1.039829652,-0.14467532,0.624041991,1.602369115,1.88294797,1.576922641,1.636925191,1.395846424,1.066247718,1.377842601,1.265423372,1.005944565,1.114578706,0.422688489,0.483434503,-0.025386943,-0.290032161,-1.076681564,-0.70884914,-0.866018487,-1.264669885,-0.990204706,-0.907613352,-0.763818592,-0.555818971,-0.244113603,-0.294160517,0.052770664,0.147044333,0.601626394,0.388940654,0.947780655,0.483266989,1.06291995,0.812615417,0.881853983
3.525750859,2.235987194,1.533459421,0.020335878,-0.457092,-1.178483591,-2.142637044,-2.202329884,-2.342049855,-2.191759321,-2.814561007,-2.455867255,-1.876114572,-2.094222063,-1.42254653,-1.010911547,0.091924546,0.204559534,1.505968552,1.282731036,1.526462972,1.436681403,1.460735324,1.715546397,1.697257647,1.585676118,1.325298344,0.973456402,0.388647854,0.076457744,-0.437695712,-0.525552576,-0.627258733,-1.255193449,-1.132356016,-1.19182888,-1.06244668,-1.102820973,-0.982453844,-1.06371301,-0.826262062,-0.63794534,-0.005853429,0.252457839,-0.113124038,0.257373275,0.59219838,0.922913004,0.894096649,1.062370929,0.466540979
